wilayah;kelompok;komoditas;kontribusi_persen
Perkotaan;Makanan;Beras;20.52
Perkotaan;Makanan;Rokok kretek filter;10.83
Perkotaan;Makanan;Telur ayam ras;4.69
Perkotaan;Makanan;Daging ayam ras;4.42
Perkotaan;Makanan;Kopi bubuk & kopi instan (sachet);2.48
Perkotaan;Makanan;Mie instan;2.44
Perkotaan;Makanan;Roti;2.31
Perkotaan;Makanan;Kue basah;1.98
Perkotaan;Makanan;Bawang merah;1.92
Perkotaan;Makanan;Kue kering/biskuit;1.78
Perkotaan;Makanan;Tempe;1.75
Perkotaan;Makanan;Tahu;1.7
Perkotaan;Makanan;Lainnya (makanan);17.09
Perkotaan;Bukan Makanan;Perumahan;9.13
Perkotaan;Bukan Makanan;Bensin;2.97
Perkotaan;Bukan Makanan;Listrik;2.78
Perkotaan;Bukan Makanan;Pendidikan;1.9
Perkotaan;Bukan Makanan;Perlengkapan mandi;1.26
Perkotaan;Bukan Makanan;Kesehatan;0.82
Perkotaan;Bukan Makanan;Perawatan kulit, muka, kuku, rambut;0.78
Perkotaan;Bukan Makanan;Lainnya (bukan makanan);6.45
Perdesaan;Makanan;Beras;24.6
Perdesaan;Makanan;Rokok kretek filter;10.18
Perdesaan;Makanan;Telur ayam ras;3.73
Perdesaan;Makanan;Daging ayam ras;3.08
Perdesaan;Makanan;Kopi bubuk & kopi instan (sachet);2.36
Perdesaan;Makanan;Gula pasir;2.32
Perdesaan;Makanan;Bawang merah;2.17
Perdesaan;Makanan;Mie instan;2.09
Perdesaan;Makanan;Roti;1.97
Perdesaan;Makanan;Cabe rawit;1.8
Perdesaan;Makanan;Tongkol/tuna/cakalang;1.72
Perdesaan;Makanan;Kue basah;1.71
Perdesaan;Makanan;Lainnya (makanan);18.33
Perdesaan;Bukan Makanan;Perumahan;9.17
Perdesaan;Bukan Makanan;Bensin;2.95
Perdesaan;Bukan Makanan;Listrik;1.63
Perdesaan;Bukan Makanan;Pendidikan;1.2
Perdesaan;Bukan Makanan;Perlengkapan mandi;1.18
Perdesaan;Bukan Makanan;Sabun cuci;0.76
Perdesaan;Bukan Makanan;Perawatan kulit, muka, kuku, rambut;0.73
Perdesaan;Bukan Makanan;Lainnya (bukan makanan);6.32
