Provinsi/Kabupaten/Kota,Jumlah Penduduk Miskin (Ribu Jiwa) Menurut Kabupaten/Kota,,,,,,,,,,,,,,,,,,,,,
,2004,2005,2006,2007,2008,2009,2010,2011,2012,2013,2014,2015,2016,2017,2018,2019,2020,2021,2022,2023,2024,2025
ACEH,-,-,-,-,962.3,885.8,898.4,900.2,880.5,856.9,837.4,851.59,848.44,872.61,839.49,819.44,814.91,834.24,806.82,806.75,804.53,704.69
Simeulue,24.3,26.6,26.9,25.1,20.6,19.1,19,19,18.6,17.8,17.5,18.12,17.93,18.4,18.22,17.67,17.34,18.25,17.86,17.62,17.59,15.58
Aceh Singkil,41.9,43.1,43.3,26.5,22.2,20.3,19.9,19.9,19.4,20.7,20,24.84,25.09,26.27,25.74,25.66,25.43,25.48,24.33,24.62,24.84,22.51
Aceh Selatan,51.1,51.3,47.5,49.8,38.8,35.4,32.2,32.3,31.6,29.3,28.4,29.61,30.68,32.51,32.82,31.06,30.91,32.25,30.78,30.36,30.53,25.39
Aceh Tenggara,40,41.6,40.3,36.3,30.9,27.9,30.1,30.2,29.5,27.8,27.1,30.14,29.39,30.84,30.2,28.93,28.98,29.31,28.42,27.96,27.28,22.52
Aceh Timur,93.5,90.9,92.2,84.9,76.2,68.3,66.6,66.7,65.4,64.4,63,63.48,61.63,63.67,61.64,62.79,62.34,63.69,62.16,60.63,60.86,52.23
Aceh Tengah,79.5,44.1,43.6,39.9,40.6,38.2,35.3,35.4,34.7,33.6,32.8,34.26,33.16,34.24,32.31,32.78,32.48,32.72,31.5,31.68,31.85,27.76
Aceh Barat,57,53.3,52.5,48.2,43.7,40.4,42.4,42.5,41.6,44.3,43.9,41.36,40.11,40.72,39.56,39.29,39.06,39.83,38.46,38.84,38.79,34.55
Aceh Besar,89.9,86.7,86.3,79.1,63.5,59,66.2,66.3,64.9,63.9,62.4,62.27,62.03,62.72,60.08,58.9,59.7,60.26,58.18,58.94,58.98,49.9
Pidie,165.5,170.4,168.6,120.3,101.8,93.8,90.2,90.4,88.3,85.8,83.7,88.22,90.16,92.34,89.53,86.29,86.39,88.53,85.87,86.79,86.89,77.7
Bireuen,101.5,104.2,102.9,93,79.1,72.9,76.1,76.3,74.8,73.9,72.2,73.14,70.44,71.54,65.74,63.6,62.42,63.02,60.29,59.21,59.93,51.6
Aceh Utara,166.7,176.7,174.5,163.2,135.7,126.6,124.4,124.7,122.2,115.4,112.7,111.44,115.05,118.74,111.27,107.34,106.41,109.49,107.02,106.77,104.49,93.43
Aceh Barat Daya,31,32.8,33,33.5,27.4,25,25.2,25.3,24.7,25.7,25,25.93,25.73,26.57,25.23,24.36,24.21,25.06,24,24.31,24.44,21.47
Gayo Lues,22,24.3,24.5,23.1,18.9,17.1,19.1,19.1,18.6,19,18.6,19.32,19.48,19.91,19.09,18.63,18.42,18.61,18.09,18.24,17.93,16.59
Aceh Tamiang,57.7,57.5,56.7,50.8,50.8,45.3,45.2,45.3,44.3,40.8,39.9,40.38,40.88,42.01,41.21,39.35,38.93,40.03,38.25,38.37,37.76,33.96
Nagan Raya,39.6,44.9,43.7,40,33.2,30.9,33.5,33.6,32.8,32.7,31.9,31.32,30.31,31.06,31.06,29.93,29.99,30.71,29.63,29.78,29.6,27.24
Aceh Jaya,24.9,18.7,18.6,19.5,17.2,17.1,15.6,15.6,14.8,14.6,14.2,13.85,13.1,13.23,12.85,12.35,12.11,12.63,12.13,12.22,12.24,10.5
Bener Meriah,-,30.7,30.2,28.1,31.3,28.6,32.1,32.2,31.6,30.9,30.2,29.31,29.82,29.98,29.08,28.45,28.38,28.69,27.93,28.19,28.37,25.59
Pidie Jaya,-,-,-,43.3,37.7,35.6,34.7,34.8,34.2,32.6,31.9,31.81,31.94,33.6,31.72,30.97,31.39,31.79,30.41,30.74,30.95,27.62
Kota Banda Aceh,21.1,14.8,14.7,14,19.9,17.3,20.8,20.8,20.4,19.4,19.4,19.3,18.8,19.23,19.13,19.42,18.97,20.95,19.9,19.94,19.97,15.87
Kota Sabang,8.9,8.6,8.3,7.8,7.1,6.5,6.7,6.7,6.5,5.9,5.6,5.86,5.81,5.98,5.62,5.43,5.27,5.33,5.14,5.14,5.17,4.55
Kota Langsa,20.5,20.6,19.4,19.1,24,21.3,22.4,22.4,21.9,20.3,19.8,19.22,18.63,19.2,18.73,18.62,18.65,19.78,19.41,19.5,19.37,16.28
Kota Lhokseumawe,20.7,24.4,22.2,19.4,23.9,22.5,24.1,24.2,23.5,23,22.5,23.15,23.28,24.4,23.88,23.05,22.69,23.38,23.03,23.1,22.77,19.9
Kota Subulussalam,-,-,-,18.7,17.7,16.8,16.5,16.5,16.1,15,14.6,15.25,14.99,15.44,14.78,14.56,14.46,14.46,14.06,13.8,13.95,11.95
SUMATERA UTARA,-,-,-,-,-,-,-,-,-,-,-,-,-,1453.87,1324.98,1282.04,1283.29,1343.86,1268.19,1239.71,1228.01,1140.25
Nias,135.8,138.4,139.4,139.3,110.6,98.9,26.4,25.4,25,23.3,22.2,24.53,24.11,24.88,22.61,22.1,23.12,24.33,23.23,21.99,21.74,21.23
Mandailing Natal,80.2,84.5,85.1,77.4,60.7,55.2,51,49.1,48.4,40.7,39.7,47.79,47.67,48.3,42.39,40.64,41.31,43.24,40.98,41.04,40.56,37.16
Tapanuli Selatan,138.3,131.5,132.4,128.4,87.6,33.2,31.6,30.4,29.9,30.8,29.4,31.2,30.84,29.48,25.63,24.22,23.96,25.01,23.05,20.09,19.9,17.77
Tapanuli Tengah,87.1,87.1,87.7,83.1,60.4,57,52.2,50.2,49.6,52,49.9,52.2,51.77,53.05,48.53,46.99,47.19,49.95,47.07,47.09,49.21,46.79
Tapanuli Utara,48.9,56.9,57.4,52.4,37.5,35.1,34.9,33.6,33.1,33.8,32.2,33.37,33.2,33.75,29.2,28.57,28.41,29.72,27.47,26.39,25.51,23.29
Toba Samosir,58.4,30.8,28.5,25.6,19.8,17.3,17.6,16.9,16.6,17,16.5,18.31,18.2,18.49,15.82,15.78,16.05,16.61,16.48,14.94,15.03,13.46
Labuhan Batu,131.3,125.7,144.7,123.4,109.7,102.1,44.3,42.6,42.1,38.1,37.4,41.63,41.94,42.35,41.7,41.52,42.17,45.03,43.27,42.58,42.45,40.49
Asahan,129.6,138.6,139.6,91.8,88,83.7,76.3,73.4,72.3,80.5,77,85.16,84.35,83.67,74.14,70.53,66.32,69.29,64.49,61.69,61.34,54.57
Simalungun,146.3,143.6,144.7,124.4,124.6,107.5,87.7,84.4,83.1,87.7,86.2,92.89,92.19,91.35,80.3,76.33,73.64,76.99,72.47,69.21,68.05,61.12
Dairi,54.6,52,48,42.2,29.8,27.1,26.9,25.9,25.5,24,23.4,25.33,24.94,24.98,23.19,21.86,22.93,23.72,22.53,21.42,20.4,20.05
Karo,62.1,56.9,57.3,50.5,46.1,41.8,38.7,37.2,36.7,36.9,35.4,37.52,38.74,40.02,35.36,34.08,36.57,38.01,35.93,35.65,33.44,30.67
Deli Serdang,165.5,100.7,109.5,94.8,89,91.4,96,92.3,91.2,92,90.9,95.65,100.09,97.09,88.52,84.94,86.26,92.52,85.28,82.75,84.24,77.7
Langkat,189.2,207.1,208.6,185.8,153,133.1,104.8,100.8,99.3,104.3,100.6,114.19,115.79,114.41,105.46,103.08,101.87,106.59,100.45,98.16,96.54,90.28
Nias Selatan,90.2,95.7,97.2,91.1,65.8,59.9,60.1,57.8,56.9,57,54.5,58.97,57.75,57.95,52.7,52.51,53.88,55.16,54.16,54.29,54.48,54.29
Humbang Hasundutan,30.7,31.9,28.1,28.4,20,17.6,18.2,17.5,17.2,17.9,17.1,18.04,18.04,18.35,16.93,16.6,17.92,18.71,17.33,17.14,16.78,15.62
Pakpak Bharat,7.7,9.1,9.2,8.6,6.1,5.9,5.6,5.4,5.3,4.9,4.7,5.12,4.95,4.95,4.66,4.52,4.59,4.79,4.52,4.01,3.73,3.53
Samosir,-,30.9,31.2,36.1,24.4,22.8,19.7,18.9,18.5,17.2,16.3,17.64,18.01,18.43,16.81,15.79,15.8,16.08,14.97,14.86,14.85,13.8
Serdang Bedagai,-,63,72.8,72.6,66.3,60.4,62.9,60.5,59.5,56.6,54.5,58.3,58.17,56.93,50.49,48.69,49.18,51.16,48.22,45.88,43,38.14
Batu Bara,-,-,-,67.7,51.7,49.5,46.1,44.3,43.7,46.9,44.7,50.37,49.42,50.91,51.78,50.46,49.78,52.59,49.39,49.18,47.66,44.28
Padang Lawas Utara,-,-,-,-,-,22.7,25,24,23.7,25,23.9,27.67,27.88,27.98,26.82,26.06,26.79,28.37,26.09,26.17,27.21,24.8
Padang Lawas,-,-,-,-,-,21.9,25,24,23.6,21.2,20.3,22.38,22.8,24.42,23.05,23.17,23.87,25.78,24.45,24.51,24.96,23.69
Labuhan Batu Selatan,-,-,-,-,-,-,43.4,41.7,41.2,37.3,35.7,36.37,36.62,37.82,33.14,30.17,28.63,30.36,29.38,29.83,29.19,26.12
Labuhan Batu Utara,-,-,-,-,-,-,40.9,39.3,38.7,39.1,37.3,39.59,38.81,40.24,36.45,34.76,34.86,37.13,33.91,34.13,34,32.09
Nias Utara,-,-,-,-,-,-,40.7,39.1,38.5,40.8,38.9,43.74,41.66,39.47,36.33,34.42,34.75,35.84,32.87,30.78,30.53,29.65
Nias Barat,-,-,-,-,-,-,25.2,24.2,23.8,24.9,23.8,25.41,24.16,23.33,23,22.08,22.33,21.75,20.42,18.86,18.78,18.64
Kota Sibolga,7.8,10,11.3,9,16.6,15,11.7,11.3,11.1,11.1,10.6,11.64,11.54,11.91,10.81,10.82,10.49,10.8,10.05,10.02,9.99,9.02
Kota Tanjung Balai,18.6,21.6,21.8,18.2,29.8,28.3,25.2,24.2,23.9,24.2,23.2,25.09,24.42,24.68,25.3,24.54,23.54,24.1,22.65,22.45,22.25,20.02
Kota Pematang Siantar,26.2,25.6,25.6,22,31.6,29.1,27.5,26.4,26,26.6,25.4,25.83,24.88,25.34,22.01,21.99,21.23,22.06,20.53,18.96,18.97,16.53
Kota Tebing Tinggi,13.5,14.9,15.3,13.4,23.1,20.5,19,18.3,18,18,17.2,18.8,18.52,19.06,16.64,16.3,16.32,17.37,16.34,16.36,15.31,15.36
Kota Medan,142.6,146.4,161.1,148.1,217.3,200.4,212.3,204.2,201.1,209.7,200.3,207.5,206.87,204.22,186.45,183.79,183.54,193.03,187.74,187.28,187.04,171.6
Kota Binjai,14.7,16.7,16.8,14,20.3,17.9,18.1,17.4,17.2,17.5,16.7,18.6,17.8,18.23,16.07,15.61,15.91,16.46,14.61,13.85,13.86,13.87
Kota Padangsidimpuan,20.6,20.5,23.9,20,21.7,18.5,20.3,19.5,19.2,18.4,17.7,18.36,17.65,17.76,16.79,16.06,16.56,17.28,16.03,16.15,14.88,13.57
Kota Gunungsitoli,-,-,-,-,-,-,42.6,41,40.4,41.1,37.2,34.47,32.17,30.08,25.91,23.06,23.54,24.02,21.85,22.03,22.16,21.05
SUMATERA BARAT,472.4,482.8,578.7,529.2,473.7,426.1,458.2,441.8,401.5,384.1,354.7,379.61,371.55,364.51,357.13,348.22,344.23,370.67,335.21,340.37,345.73,312.35
Kepulauan Mentawai,11.8,12.7,11.1,10,14.7,13.2,15.1,14.6,13.4,13.3,12.6,13.16,13.09,12.95,12.99,13.22,13.37,14.31,13.74,13.76,14.19,13.74
Pesisir Selatan,52,51.1,63.3,54.6,47.3,44.3,44,42.4,38.2,38.3,35,38.13,35.86,35.53,34.92,36.51,35.46,37.41,33.78,35.09,36.05,31.53
Solok,65.9,50.3,62.3,58.5,45,40.8,41,39.5,35.7,36.9,34.5,36.42,34.06,33.33,32.89,29.74,29.28,30.36,27.16,27.33,28.18,25.23
Sijunjung,46.5,24.8,30.7,28.8,21.9,19,21.1,20.3,18.6,18.4,17,17.52,17.12,16.83,16.55,16.65,16.28,16.81,15.07,15.02,14.99,13.55
Tanah Datar,23.9,20.5,25.4,24.6,23.8,21.8,23.4,22.6,20.4,19.8,18.2,20.05,19.63,19.27,18.48,16.2,15.34,15.89,14.91,14.57,15,12.57
Padang Pariaman,47,53.7,66.5,62.5,51.5,45.2,46.3,44.6,40.4,36.8,33.9,35.87,36.34,34.7,33.2,29.48,28.98,30.41,26.44,26.93,26.76,25.08
Agam,57.2,56,59.4,51.1,45.3,39.7,44.9,43.3,39.3,36.1,33.3,36.06,37.55,36.57,32.92,33.1,33.31,34.26,31.33,33.41,34.82,30.57
Lima Puluh Kota,39.8,42.7,52.9,46.1,34.4,31.1,36.5,35.2,31.9,30,27.4,28.76,28.57,26.93,26.47,26.64,26.43,28.51,26,27.02,27.72,24.61
Pasaman,73.4,36.8,45.6,42.8,35,30.5,27.8,26.8,24.3,22.2,20.3,21.88,20.83,20.38,20.31,20.22,20.29,21.57,19.94,19.99,20.01,18
Solok Selatan,-,18.3,22.7,21.3,16.7,14.6,16.1,15.5,14.2,12.6,11.6,11.95,11.91,11.89,11.85,12.5,12.39,13.41,11.81,11.91,12.33,11.44
Dharmasraya,-,20.5,25.4,23.8,21.4,19.9,20.3,19.6,18.2,16.4,15.2,15.89,16.24,15.63,15.42,15.49,15.7,17.6,15.08,15.49,15.25,13.52
Pasaman Barat,-,36.7,45.5,42.7,34.4,30.4,35.1,33.8,31.1,31.1,28.6,32.34,30.76,30.84,31.83,31.53,31.64,34.97,32.91,33.52,34.6,31.68
Kota Padang,31.8,34,42.1,39.5,51.7,46.8,52.8,50.9,45.9,44.2,40.7,44.43,42.56,43.75,44.04,42.44,42.17,48.44,42.37,41.97,41.4,37.38
Kota Solok,2.9,2.2,2.7,2.5,4,3.8,4.2,4,3.7,2.9,2.7,2.72,2.59,2.5,2.29,2.29,1.99,2.31,2.28,2.35,2.4,2.31
Kota Sawah Lunto,-,2.7,1.5,1.1,1,1.2,1.4,1.4,1.3,1.4,1.3,1.34,1.34,1.23,1.48,1.35,1.36,1.52,1.47,1.47,1.52,1.79
Kota Padang Panjang,1.6,2,2.5,2.6,4.2,4,3.6,3.5,3.2,3.3,3.2,3.44,3.47,3.22,3.11,3,2.84,3.28,2.89,2.99,3.06,2.9
Kota Bukittinggi,3.3,5,5.3,5.2,7.2,6.2,7.6,7.3,6.7,6.4,6,6.54,6.81,6.75,6.32,6,6.01,6.98,6.16,5.78,5.82,5.46
Kota Payakumbuh,6.3,6.6,8.2,7.7,10.9,10.1,12.4,12,11,9.7,8.8,8.51,8.35,7.72,7.69,7.68,7.74,8.66,8.08,7.88,7.62,7.37
Kota Pariaman,5.7,6.2,5.5,3.9,3.5,3.6,4.7,4.5,4.1,4.4,4.3,4.58,4.47,4.49,4.4,4.2,3.66,3.99,3.8,3.91,4.01,3.63
RIAU,744.4,600.4,564.9,574.5,584.7,532.3,558.3,472.5,476.5,511.5,498.3,531.39,515.4,514.62,500.44,490.72,483.39,500.81,485.03,485.66,492.25,460.96
Kuantan Singingi,61.6,58.8,53.1,51.7,47.3,42.7,36.7,31.1,31.3,34.7,33.5,34.1,31.22,31.95,32.1,31.22,29.34,28.9,26.61,26.1,25.56,22.68
Indragiri Hulu,55.7,52.2,47.2,47,40.6,36,32.5,27.5,27.7,29.6,29.4,31.63,29.73,29.42,27.22,26.66,26.66,27.35,27.46,27.4,27.53,26.88
Indragiri Hilir,115.1,106.4,96.2,97.1,92.4,80.6,62.4,52.8,53,54.2,52.4,56.85,56.82,55.4,51.42,48.29,44.29,44.61,43.22,40.86,41.05,35.97
Pelalawan,52.5,55.5,50.2,49.6,54.6,50.7,44.4,37.6,38.3,43.6,42.7,47.53,45.35,44.4,44.29,45.98,45.88,49.3,47.84,45.3,49.2,43.49
Siak,27,22.9,16.5,19.3,23.9,20.2,24.6,20.8,21,23.2,22.5,24.81,24.86,26.83,25.81,24.49,25.38,25.77,25.71,26.99,26.72,23.5
Kampar,79.3,71.8,64.9,64.2,71.6,65.6,72.3,61.2,61.8,68.6,67.6,72.22,67.68,66.33,69.32,66.81,65.3,68.74,63.55,63.84,63.74,58.71
Rokan Hulu,95.9,91.4,82.6,84.6,75.2,68,62.4,52.8,53.5,59.9,58.3,64.74,67.42,69.24,72.28,72.21,73.35,74.73,73.81,74.38,75.89,70.65
Bengkalis,70.6,61.4,81.9,80,69.8,63.4,41.3,35,35.3,40.1,38.8,40,37.49,38.19,35.11,35.83,36.96,37.66,36.03,36.1,36.56,35.11
Rokan Hilir,49.4,42.4,38.3,48.7,61.3,56,51.7,43.8,44,47.5,46.1,49.13,52.4,53.19,48.92,49.8,48.85,51.97,49.59,53.04,53.49,55.49
Kepulauan Meranti,-,-,-,-,-,-,75.1,63.6,63.9,64,61.1,61.64,56.18,53.05,51.17,49.89,47.1,48.5,45.25,43.82,44.34,39.41
Kota Pekanbaru,30.2,18,16.3,17.7,29.7,33.4,38.2,32.3,32.7,32.5,32.3,33.76,32.49,33.09,31.62,28.6,30.4,32.73,35.96,37.67,38.17,39.16
Kota Dumai,21.3,19.6,17.7,14.6,18.4,15.7,16.5,14,14.1,13.7,13.6,14.97,13.76,13.53,11.19,10.95,9.88,10.57,10,10.15,10.02,9.92
JAMBI,325.1,317.8,304.6,281.9,261.2,245,260.4,251.8,268.5,277.7,281.8,300.71,289.81,286.55,281.69,274.32,277.8,293.86,279.37,280.68,265.42,270.94
Kerinci,37.6,37.6,38.3,34.8,24.1,22.8,18,17.4,17.9,17.2,17.4,19.15,17.62,17.62,16.79,17,17.48,18.45,18.2,18.21,16.83,18.28
Merangin,41.3,41.3,38.9,34.2,27.5,25.5,27.3,26.4,28.2,33.1,33.9,35.77,36.89,35.48,33.95,32.88,33.92,35.44,34.14,35.19,33.49,32.38
Sarolangun,39.6,39.6,37.3,33.7,25.2,21.7,23.9,23.1,24.7,28.1,27.8,28.5,26.37,25.61,25.7,25.39,25.79,27.06,26.23,26.77,26.54,28.08
Batang Hari,39.7,38.6,36.4,33.1,23.2,22.8,24.6,23.8,25.4,26.5,27.1,28.1,28.39,27.49,27.55,26.53,26.54,27.24,26.24,25.88,23.74,22.83
Muaro Jambi,26.5,26.5,25,21.9,13.7,14.4,18.2,17.6,18.8,17.4,17.4,18.32,17.52,18.28,17.38,16.86,17.3,20.49,20.64,20.83,17.48,21.05
Tanjung Jabung Timur,23.5,27.8,28.9,28.3,28.8,26.4,25.4,24.6,26.2,28.3,28.8,30.18,27.42,27.22,26.99,25.35,24.23,24.42,23.42,23.33,21.86,21.54
Tanjung Jabung Barat,35.8,31.6,29.8,31.6,34,30.2,31,30,32.1,34.9,35.7,39.1,37.24,36.33,36.28,35.12,34.79,36.1,33.95,33.61,33.12,33.88
Tebo,26.2,26.2,24.7,21.7,16.2,15.9,19.2,18.6,19.9,22,22.5,23.57,23.04,23.18,22.86,22.83,22.47,23.77,22.81,23.47,22.48,22.1
Bungo,28,23.7,22.3,19.6,13.7,14.6,17.3,16.7,17.9,17.3,17.3,19.52,20.96,20.81,21.11,20.87,22.07,23.64,20.69,20.65,20.04,20.73
Kota Jambi,27.2,24.9,22.9,23.2,54.9,50.7,52.6,50.8,54.3,50.1,50.9,55.51,51.61,52.08,50.61,48.95,50.44,54.23,50.4,50.09,47.25,47.21
Kota Sungai Penuh,-,-,-,-,-,-,3,2.9,3.1,2.8,2.9,2.98,2.75,2.46,2.48,2.55,2.78,3.03,2.64,2.66,2.6,2.87
SUMATERA SELATAN,-,-,-,-,-,-,-,-,-,-,-,-,-,1086.92,1068.27,1073.74,1081.59,1113.76,1044.69,1045.68,984.24,919.6
Ogan Komering Ulu,201.4,45.2,46.1,40.6,38.6,35.1,39.9,38.3,37.6,42,41.4,46.04,46.97,46.34,45.71,46.84,47.3,47.5,44.2,44.11,41.54,39.58
Ogan Komering Ilir,218.9,161.6,174.1,152.7,122.7,114.2,116.5,111.9,109.9,121.4,119.2,134.07,127.54,127.06,124.86,124.14,123.34,124.78,113.79,114.48,106.37,105.26
Muara Enim,138.3,140.3,140.7,128.5,118.4,106.4,104.5,100.4,98.6,108.2,106.1,86.95,82.35,81.3,78.58,78.75,79.27,80.4,73.53,73.24,66.42,64.82
Lahat,160.2,162.6,163.1,94.9,78.7,71.3,70.5,67.7,66.6,71.8,70.3,70.67,67.83,67.33,65.31,65.03,65.75,68.4,65.39,63.36,60.19,58.66
Musi Rawas,164,166.4,166.9,160.3,120.7,108,102,98,96.4,98.8,97,58.01,55.5,55.96,54.75,53.82,54.95,57.46,55.8,59.75,57.44,54.7
Musi Banyuasin,164.4,171.3,171.8,165.6,129.5,118.9,113.4,108.9,107,107.2,105.1,111.9,106.78,105.08,105.15,105.83,105.38,105.23,102.24,101.63,88.94,69.61
Banyu Asin,147.3,149.5,149.9,136.8,122.4,112.1,93,89.3,87.9,97.1,95.4,100.64,95.99,95.28,95.29,96.55,96.27,94.08,88.55,85.88,84.36,77.63
Ogan Komering Ulu Selatan,-,58.8,67.8,61.2,47.7,42.1,36.7,35.3,34.7,38.9,38.2,40.63,38.42,38.63,37.87,37.92,39.5,41.23,39.61,39.3,37.81,35.49
Ogan Komering Ulu Timur,-,102.8,103.1,90.7,69.6,57.7,59.9,57.5,56.5,65.4,65.3,72.84,73.93,72.81,70.65,70.4,71.1,72.89,69.69,69.91,68.74,62.89
Ogan Ilir,-,85.5,82.7,79.6,67.1,60.1,53.4,51.3,50.4,55.4,54.2,58.96,57.01,56.84,55.87,57.06,57.97,60.5,54.55,59.33,55.49,53.21
Empat Lawang,-,-,-,49.7,39.1,33.7,32.6,31.3,30.6,30.5,30.4,31.62,30.17,30.29,30.2,30.68,31.89,34.11,31.06,30.78,28.42,27.88
Penukal Abab Lematang Ilir,-,-,-,-,-,-,-,-,-,-,-,26.81,25.89,26.75,25.78,25.47,24.17,25.1,23.14,21.72,19.79,18.87
Musi Rawas Utara,-,-,-,-,-,-,-,-,-,-,-,35.92,36.95,36.45,36.19,36.63,37.75,39.5,36.65,36.68,35.29,31.25
Kota Palembang,124.1,125.9,126.3,124.4,235.3,211.8,218.6,210,206.5,206,202.3,203.12,191.95,184.41,179.32,180.67,182.61,194.12,181.65,179.45,173.59,162.31
Kota Prabumulih,15.8,15.5,12.3,10,20.9,19.1,21,20.2,19.9,19.4,19,21.37,20.47,20.72,20.95,21.62,21.83,23.6,22.12,22.33,20.41,19.89
Kota Pagar Alam,16.9,15.2,13.7,11.2,11.8,11.2,12.4,11.9,11.7,11.8,11.8,12.87,12.4,12.12,12.07,12.37,12.71,13.27,12.05,12.73,11.82,11.2
Kota Lubuklinggau,28,28.4,28.5,25.6,31.8,28.1,30.9,29.7,29.2,30.7,30.2,33.21,31.05,29.54,29.74,29.98,29.8,31.61,30.68,31.02,27.65,26.35
BENGKULU,345.1,361.2,360,370.6,328.9,317.9,281.2,303.4,313.7,323.5,316.5,334.07,328.61,316.98,301.81,302.3,302.58,306,297.23,288.46,281.36,252.97
Bengkulu Selatan,45.2,49.4,49.3,50,40.4,37.7,32.4,32.8,33.9,33.7,33.1,34.51,33.92,32.66,29.19,29.3,28.41,31.65,31.83,31.89,31.8,29.82
Rejang Lebong,78.6,42.1,42,42.6,45,42.8,37.3,42.2,43.5,46.8,45.9,46.04,45.79,43.85,42.13,41.57,41.47,43.3,43.18,41.18,41.16,33.19
Bengkulu Utara,76.8,78.5,78.3,80.3,59.1,58.7,38.3,37.8,39.1,40.2,39.5,42.24,39.86,38.97,35.78,35.94,36.67,35.55,35.51,35.26,34.52,31.99
Kaur,37.6,41.1,41,44.5,31.4,29.1,22.9,24.5,25.3,26.3,25.2,26.37,26.14,25.47,23.2,22.84,22.57,22.99,22.57,22.45,21.75,20.26
Seluma,55,60.2,60,60.9,42.5,40.1,36.1,36.9,38,39.7,38.9,42.47,40.59,39.24,37.51,36.92,36.23,37.05,36.71,36.32,35.08,32.81
Mukomuko,25.6,28,27.9,28.7,23.5,23.6,22.1,21.1,21.9,22,21.7,23.67,23.45,22.51,21.5,22.56,23.1,22.5,21.81,20.7,20.88,19.67
Lebong,-,16.7,16.4,16.7,13.7,13.6,12.7,12.6,13,13.7,13.4,13.38,13.56,13.31,13.25,13.67,13.97,13.97,14.14,13.23,12.51,12.2
Kepahiang,-,20.9,20.8,21.2,21,20.7,18.5,19.1,19.7,21,20.6,22.19,21.75,21.47,19.58,20.18,20.27,20.94,20.73,20.32,18.73,15.2
Bengkulu Tengah,-,-,-,-,-,-,6.3,6.5,6.7,7.6,8.7,8.93,9.5,9.32,9.24,10.06,10.79,11.12,11.33,11.01,11.98,11.61
Kota Bengkulu,26.4,24.3,24.2,25.7,52.2,51.5,54.8,70,72.5,72.4,69.5,74.26,74.05,70.16,70.44,69.26,69.12,66.94,59.43,56.1,52.96,46.23
LAMPUNG,-,-,-,-,-,-,-,-,-,-,-,-,-,1131.73,1097.05,1063.66,1049.32,1083.93,1002.41,970.67,941.23,887.02
Lampung Barat,82.7,96.8,96.2,96.7,86.1,79.5,71.8,67.9,65.2,60.8,60.3,42.24,44.9,42.71,40.62,39.05,38.12,39.36,36.2,34.73,33.43,31.23
Tanggamus,173.2,167.3,181,188.2,179.3,174.9,98.1,92.7,89.4,85.6,85,81.56,81.34,77.53,73.77,71.9,70.37,71.89,67.43,65.18,64.22,63.56
Lampung Selatan,340.9,329.2,364.5,371.8,351.2,222.5,188,177.7,171.4,163,161.8,157.71,158.38,150.11,148.54,144.44,143.33,145.85,136.21,133.67,132.38,127.74
Lampung Timur,257.2,248.4,256.2,261.9,228.4,206.3,200.4,189.5,182.2,172.2,170.7,170.11,172.61,167.64,162.94,158.9,153.57,159.79,149.12,148.26,142.7,132.17
Lampung Tengah,210.6,228.2,252.7,263,242,230.7,197.8,187,180.2,162.8,161.6,164.44,165.67,162.38,160.12,153.84,152.28,155.77,143.34,140.29,137.41,127.83
Lampung Utara,189,182.5,181.2,185.3,182.9,171,164.8,155.8,149.9,142,140.7,140.41,139.5,131.78,128.02,122.65,119.35,121.91,114.67,107.21,105.91,98.99
Way Kanan,112.3,108.4,94.6,96.8,84.1,79.2,76.7,72.5,69.4,65.2,64.5,63.09,63.64,62,60.16,58.72,58.41,59.89,54.28,51.26,48.88,44.17
Tulangbawang,126.3,122,106.1,103.6,90.9,86.8,43.1,40.7,38.9,33.7,36.8,44.15,44.26,44.31,43.1,42.06,42.43,44.53,39.19,37.83,37.46,36.14
Pesawaran,-,-,-,-,-,100.9,81.5,77.1,74.3,74.6,74,75.37,74.45,71.64,70.14,67.36,66.04,68.31,63.17,59.29,55.01,51.09
Pringsewu,-,-,-,-,-,-,45.5,43,41.4,37.3,37.8,45.58,45.72,44.41,41.64,40.55,40.12,41.04,38.18,37.6,34.42,31.66
Mesuji,-,-,-,-,-,-,16.2,15.3,14.7,11.2,12.8,16.02,15.74,15.16,15.01,14.94,14.72,15.24,13.88,13.71,12.91,12.14
Tulang Bawang Barat,-,-,-,-,-,-,19.1,18.1,17.3,16.4,18.7,21.79,22.39,21.77,21.93,21.14,20.29,23.03,20.72,20.32,20.35,19.04
Pesisir Barat,-,-,-,-,-,-,-,-,-,-,-,24.03,24.2,23.76,22.98,22.38,22.24,23.23,21.85,21.45,20.22,19.51
Kota Bandar Lampung,58.9,81.2,89.9,78.8,130.9,123.9,128.6,121.6,117.3,102.7,102.3,100.76,100.54,100.5,93.04,91.24,93.74,98.76,90.51,87.08,83.88,80.19
Kota Metro,10.7,8.6,15.5,15.5,22.1,21.2,20.1,19,18.3,17.1,16.9,16.24,16.26,16.06,15.06,14.49,14.31,15.32,13.68,12.8,12.07,11.58
KEP. BANGKA BELITUNG,91.8,95.3,117.4,95.1,80.3,76,92.3,65.6,69.4,69.4,67.2,74.09,72.76,74.09,76.26,68.38,68.4,72.71,66.78,68.69,69.95,77.71
Bangka,20.7,23,30.2,25.2,21.6,19,21.7,15.4,16.4,16.2,16,17.39,17.29,16.45,18.02,16.52,15.41,16.19,14.5,14.87,14.76,16.58
Belitung,15.9,14.1,17,14.2,13.3,12.4,15.9,11.3,12,14.3,12.7,14.58,13.94,14.11,14,11.88,12.07,13.53,12.34,12.51,11.97,12.76
Bangka Barat,11.5,11.7,14.1,10.5,7.4,7.6,9.2,6.5,6.9,6.2,6.1,6.01,5.46,6.06,6.35,5.65,5.83,5.85,5.3,5.91,5.71,6.51
Bangka Tengah,11.7,13.3,16,13.4,11.2,10.4,13.1,9.3,9.9,9.5,9.4,10.19,10.36,11.39,11.12,9.8,9.64,10.03,9.61,10.58,12.04,13.71
Bangka Selatan,12.5,11.2,13.5,9.6,8.2,8.9,10.7,7.6,8,7.5,7.4,7.2,7.11,7.88,7.58,7.02,7.49,7.72,6.81,6.66,8.1,9.13
Belitung Timur,11,12.5,15.1,12.6,10.4,9.3,11.1,7.9,8.4,7.9,7.9,8.71,8.48,8.44,8.93,8.51,8.56,9.29,8.47,8.89,8.5,9.04
Kota Pangkal Pinang,8.3,9.5,11.5,9.6,8.2,8.4,10.6,7.5,7.9,7.8,7.8,10.02,10.12,9.76,10.27,9,9.4,10.1,9.76,9.27,8.87,9.99
KEPULAUAN RIAU,85.7,148,163,148.4,131.8,125.3,138.2,122.5,124.2,119.1,124.2,122.4,120.41,125.37,131.68,128.46,131.97,144.46,151.68,142.5,138.3,117.28
Karimun,11.5,20.1,17.6,19.4,20.9,15.5,15.4,13.7,13.9,14.8,15.4,14.82,15.35,16.94,15.93,15.36,15.99,16.28,16.44,14.33,13.99,12.56
Bintan,24.6,18,16.6,14.7,13.6,9.2,10.5,9.3,9.3,9.3,9.3,9.25,9.91,9.37,10.42,10.14,10.21,10.54,10.67,9.86,9.17,8.11
Natuna,4.5,8.8,9.7,8.4,9,4.4,3.4,3,3.1,2.7,3,3.23,3.25,3.53,3.6,3.43,3.47,3.98,4.32,4.3,4.17,4.01
Lingga,-,27.3,27.7,26.9,28.8,15.4,13.6,12.1,12.4,12.3,13.1,13.22,12.76,12.35,12.13,11.56,12.45,12.58,12.7,10.18,9.02,8.24
Kepulauan Anambas,-,-,-,-,-,-,1.8,1.6,1.6,1.8,2,2.65,2.74,2.84,2.9,2.72,2.8,3.08,3.29,3.08,2.98,2.86
Kota Batam,28.1,50.3,65.6,55.3,41.4,54.8,69.7,61.8,62.4,57.5,61.4,59.94,57.34,61.16,67.41,66.21,67.06,77.17,82.59,83.09,83.57,68.04
Kota Tanjung Pinang,17,23.5,25.8,23.7,18.1,26,23.8,21.1,21.5,20.6,20,19.3,19.06,19.18,19.3,19.05,19.98,20.85,21.67,17.67,15.39,13.47
DKI JAKARTA,277.1,316.2,407.1,405.7,342.5,339.6,388.7,355.2,366.3,371.7,412.8,398.92,384.3,389.69,373.12,365.55,480.86,501.92,502.04,477.83,464.93,464.87
Kepulauan Seribu,3,3.4,3.2,2.9,2.6,2.4,2.7,2.5,2.6,2.5,2.7,2.65,2.96,3.09,2.88,2.93,3.63,3.86,3.67,3.47,3.49,3.35
Kota Jakarta Selatan,42.5,64,76.3,76.3,71.1,73.7,78.6,71.8,74.1,74.6,80.8,74.46,71.96,69.82,63.38,61.76,78.09,81.5,81.11,71.9,70.6,75.66
Kota Jakarta Timur,62.1,71.2,85.1,94.6,79.8,81.2,91.7,83.8,86.5,86.8,96.5,91.44,91.37,95.67,91.38,91.61,122.73,125.37,126.63,124.22,121.52,117.4
Kota Jakarta Pusat,34.9,28.5,43.6,34.5,31,32.1,35.7,32.6,33.6,33.6,37.7,38.01,35.82,34.83,33.19,34.13,41.92,45.1,44.72,42.78,42.33,43.06
Kota Jakarta Barat,62.6,57.4,89.5,85.2,72.9,74,87.2,79.7,82.3,83.2,90.9,89.39,84.08,86.96,86.42,84.02,110.9,113.37,112.18,109.49,106.48,106.39
Kota Jakarta Utara,72,91.7,109.4,112.2,85.2,76.2,92.7,84.7,87.2,90.9,104.2,102.97,98.11,99.31,95.86,91.09,123.59,132.73,133.73,125.98,120.51,119.02
JAWA BARAT,-,-,-,-,-,-,-,-,-,-,-,-,-,4168.44,3615.79,3399.16,3920.23,4195.34,4070.98,3888.6,3848.67,3654.74
Bogor,453.4,476.7,536.4,519.5,491.4,446,477.2,470.5,451,499.1,479.1,487.1,490.8,487.28,415.02,395.03,465.67,491.24,474.74,453.76,446.79,401.86
Sukabumi,321.4,364.9,384.6,352.3,296.4,265.5,249.6,246.1,234.6,222.8,213.5,217.86,198.66,197.12,166.33,153.3,175.1,194.35,186.28,178.71,175.93,164.63
Cianjur,357.9,369.4,415.7,394.6,334.3,311.1,311,306.6,292.2,267.9,256.6,273.9,261.39,257.41,221.58,207.07,234.47,260.02,246.81,240.06,239.3,232.61
Bandung,483.6,550.1,619,365.3,267.1,238.8,296.3,292.2,279.5,271.7,266.8,281.04,272.65,268.02,246.13,223.21,263.6,269.18,258.61,245.49,239.87,236.06
Garut,338.3,386.1,434.5,435.5,410.6,365.4,335.6,330.9,315.8,320.9,315.6,325.67,298.52,291.24,241.31,235.19,262.78,281.36,276.67,260.48,259.32,252.56
Tasikmalaya,260.9,296.2,331.3,302.4,250.2,233.2,214.6,211.6,201.5,199.3,194.8,208.12,195.61,189.35,172.41,159.93,181.52,200.59,194.1,186.87,186.75,185.99
Ciamis,221.9,228.6,244.1,213.1,190.5,174.5,158.5,156.3,147.8,133,130,104.87,98.77,96.76,85.72,79.41,91.39,96.6,93.96,90.84,90.79,88.72
Kuningan,196.8,196.7,196.7,187.7,182,174.8,152.4,150.3,142.3,139.4,133.6,147.21,144.07,141.55,131.16,123.16,139.2,143.35,140.25,133.88,131.83,119.67
Cirebon,341.2,386.1,434.5,398,429.7,390.5,333.3,328.6,311.3,307.2,300.5,313.21,288.49,279.55,232.37,217.64,247.94,271.02,266.1,249.18,245.92,229.64
Majalengka,202,227.4,255.9,234.4,225.7,207.2,181.1,178.6,168.6,164.9,158,167.5,152.5,150.26,129.29,121.06,138.21,151.14,147.12,138.74,134.58,128.67
Sumedang,120.3,137.5,154.7,161.8,159.7,145.3,141.4,139.4,132.9,127.4,122,129.03,120.6,120.63,112.14,104.18,118.38,126.28,120.12,111.39,108.89,105.82
Indramayu,273,312.1,351.2,361.7,347,319.5,276,272.1,257.3,251.1,240.7,253.12,237,233.38,204.18,191.86,220.31,228.59,225.04,214.74,212.14,196.78
Subang,202.5,232.7,261.9,235.8,215,201.8,198.3,195.5,185.4,185.4,177.9,187.17,170.37,167.79,136.61,129.18,149.81,158.97,155.34,152.33,152.56,148.99
Purwakarta,95.5,111.1,125,114.5,92.5,84.7,90.3,89,85,83.6,80.3,83.94,83.55,85.25,75.94,71.86,80.17,84.27,83.44,81.54,81.44,76.51
Karawang,252.1,285.6,321.4,294.4,283.4,264.8,260.3,256.7,245.1,238.6,229,235.03,230.6,236.84,187.96,173.66,195.41,210.78,199.91,187.23,187.77,169.8
Bekasi,121.7,137.5,154.7,141.7,130.4,136.7,161.8,159.5,153.1,157.7,156.6,169.2,164.41,163.95,157.21,149.43,186.3,202.73,201.14,204.09,204.54,191
Bandung Barat,-,-,-,261.7,251.7,232.7,222.9,219.8,209.9,206,197.9,205.69,192.48,190.89,169,159.03,179.46,190.77,183.67,179.43,179.7,169.66
Pangandaran,-,-,-,-,-,-,-,-,-,-,-,41.97,40.14,39.46,32.19,30.73,36.05,39.07,37.91,36.7,35.95,33.09
Kota Bogor,67.7,79.3,89.2,91.4,97.7,91.7,90.2,88.9,84.8,83.3,80.1,79.15,77.28,76.53,64.85,63.97,75.04,80.09,79.15,74.95,73.93,67.16
Kota Sukabumi,16.8,21.9,24.6,22.6,33.6,30.4,27.7,27.3,26,25.2,24.1,27.84,27.51,27.41,23.2,21.87,25.42,27.19,26.59,24.96,24.1,23.17
Kota Bandung,75.5,84.6,95.2,87.2,106.8,110.3,118.6,116.9,111.4,117.7,115,114.12,107.58,103.98,89.38,84.67,100.02,112.5,109.82,102.8,101.1,99.12
Kota Cirebon,20.7,21.2,27.4,28.3,47.4,45,35.5,35,33.2,31.9,30.6,31.74,30.15,30.19,28.03,26.8,30.61,31.98,31.47,29.49,29.17,28.12
Kota Bekasi,58.2,71.5,104.4,106.9,142.3,134.2,148,145.9,139.8,137.8,139.7,146.94,140.03,136.01,119.82,113.65,134.01,144.12,137.39,129.4,128.84,129.54
Kota Depok,64,39.6,35.3,35.9,41.7,47.1,49.6,48.9,47,45.9,47.5,49.97,50.56,52.34,49.39,49.35,60.43,63.86,64.36,61.95,62.6,63.45
Kota Cimahi,43.5,50.8,42.2,43.7,52.3,46.4,40.1,39.5,37.7,32.3,31.8,34.09,35.07,34.53,29.94,26.91,31.64,32.48,31.16,28.56,27,25.97
Kota Tasikmalaya,48.6,52.9,59.5,54.5,154.5,140.1,131.6,129.8,123,112.2,104.5,106.78,102.79,97.85,84.22,76.98,86.13,89.46,87.13,79.37,76.71,75.22
Kota Banjar,16.9,17.1,13,12.9,15.7,14.6,14.9,14.7,13.9,12.8,12.7,13.42,12.74,12.87,10.41,10.07,11.16,13.37,12.73,11.66,11.16,10.97
JAWA TENGAH,-,-,-,-,-,-,-,-,-,-,-,-,-,4450.72,3897.2,3743.23,3980.9,4109.75,3831.44,3791.5,3704.33,3366.69
Cilacap,346.2,361,402.1,363.6,343.9,318.8,297.2,282,265.7,255.7,239.8,243.47,240.24,238.32,193.18,185.18,198.6,201.71,190.96,191,186.08,164.22
Banyumas,325.2,326.8,362.2,333,340.7,319.8,314.2,328.5,309.8,296.8,283.5,285.85,283.9,283.25,226.23,211.65,225.84,232.91,220.47,216.5,207.78,194.87
Purbalingga,266.5,250.6,262.9,246.3,221.9,205,209,196,184.9,181.1,176,176.49,171.78,171.88,144.16,140.07,149.48,153.08,145.33,143.41,136.72,121.8
Banjarnegara,240.3,239.5,251.3,232.9,200.6,184,166.7,177.3,167,166.8,159.5,165.36,158.2,156.83,141.72,136.1,144.95,150.19,141.25,138.99,137.68,124.66
Kebumen,371.5,349.3,388.7,362.4,334.9,309.6,263.1,279.4,262.8,251.1,242.3,241.94,235.9,233.45,208.66,201.34,211.09,212.92,196.16,195.45,187.95,162.54
Purworejo,167.1,157.1,162.3,146,130,121.4,115.3,121.9,114.8,109,102.1,101.25,99.07,98.65,83.55,82.17,84.79,88.8,82.64,81.28,78.02,72.18
Wonosobo,254.7,239.4,257.5,241.4,207.5,194,174.8,183,172.4,170.1,165.8,166.41,160.12,159.16,138.32,131.35,137.64,139.67,128.11,123.7,121.49,106.29
Magelang,185.5,174.7,199.1,200.1,190.8,176.5,167.3,179.6,169.4,171,160.5,162.38,158.86,157.15,143.44,137.45,146.34,154.91,145.33,144.49,143.8,132.21
Boyolali,172.3,162,184.6,167,158.4,148.2,127.8,139.5,131.5,126.5,118.6,119.97,116.98,116.39,98.23,93.75,100.59,104.82,97.18,97.48,95.96,86.97
Klaten,263.9,248.1,257.4,249.1,243.1,220.2,197.4,203.1,191.3,179.5,168.2,172.3,168.01,164.99,151.73,144.14,151.83,158.23,144.87,144.43,141.84,129.68
Sukoharjo,118.1,111,126.5,113.8,99.1,94.4,90.2,92,85.7,84.1,78.9,79.94,78.91,76.69,65.43,63.55,68.89,73.84,68.72,68.79,68.15,62.66
Wonogiri,246.1,246.8,262.9,237.4,201.1,184.9,145.6,146.4,137.9,132.2,123.8,122.98,124.83,123.04,102.84,98.28,104.37,110.46,105.19,104.82,102.57,91.9
Karanganyar,132.6,130.4,148.6,138.9,125.9,118.8,113.8,124.5,117.4,114.4,107.3,106.43,107.66,106.78,87.79,84.46,91.72,95.41,88.56,88.64,87.37,77.66
Sragen,225.1,204.2,201.9,180.7,177.1,167.3,149.8,154.3,145.3,139,130.3,130.42,126.76,124.01,116.37,113.83,119.38,122.91,115.14,114.62,110.65,100.08
Grobogan,385.1,362.1,361.9,330.4,262,247.5,233.8,227.8,214.6,199,186.5,184.49,184.14,180.95,168.7,161.92,172.26,175.72,163.2,162.52,159,148.1
Blora,191.2,177.1,197.6,176.8,155.1,146,135,134.9,127.1,123.8,116,115.05,113.94,111.88,102.5,97.86,103.73,107.05,99.83,99.61,99.14,92.01
Rembang,186.3,175.1,188.5,174.3,154.7,147.2,138.6,140.4,132.4,128,120,119.11,115.49,115.19,97.44,95.26,100.08,101.4,94.56,91.97,91.45,85.32
Pati,247.9,233,256.5,228.8,207.2,184.1,172.4,175.1,165,157.9,148.1,147.05,144.2,141.73,123.94,118.98,127.37,128.74,118.04,118.18,116.84,105.27
Kudus,85.5,80.4,91.6,82.4,97.8,84.9,70.2,73.6,69.3,70.1,65.8,64.1,64.19,64.45,59.99,58,64.24,67.06,66.06,65.16,65.69,60.37
Jepara,104,108.5,123.6,111.2,119.2,104.7,111.9,113.3,107,106.9,100.5,100.61,100.32,98.98,86.54,83.47,91.14,95.22,89.08,86.75,80.84,77.67
Demak,260.6,245,263.5,238.9,217.2,202.2,198.9,192.5,181.6,172.5,162,160.89,158.84,152.62,144.12,137.6,146.87,151.74,143.01,143.26,142.92,131.47
Semarang,121.3,114,120.7,110.1,102.5,96.7,97.9,96,90.6,83.2,79.8,81.25,80.72,79.66,75.67,73.9,79.88,83.61,78.6,78.35,76.87,70.29
Temanggung,107.2,100.8,114.9,115,114.7,105.8,95.4,94.9,89.5,91.1,85.5,87.45,87.09,86.77,75.39,72.57,77.33,79.09,73.04,72.96,68.77,62.05
Kendal,185.5,174.4,198.7,192.7,168.2,152.4,130.4,128.6,121.2,117.7,110.5,109.27,107.81,106.07,94.7,91.2,97.49,100,93.03,92.64,92.71,83.73
Batang,133.3,125.3,134.4,139.8,122,112.2,103.6,95.3,89.8,87.5,82.1,83.53,82.56,81.45,66.08,64.07,70.57,74.91,69.94,69.97,68.85,61.75
Pekalongan,181.1,170.3,190,170,164.3,151.6,136.6,125.9,118.6,116.5,109.3,112.07,113.31,111.58,89.54,87.01,91.86,95.26,87.53,87.93,81.72,73.8
Pemalang,299.1,300.2,338.2,307.1,325.2,303.7,251.9,261.2,245.9,246.8,237,235.53,227.08,225,208.34,200.67,209.03,215.08,195.84,195.57,194.2,173.38
Tegal,297.2,279.4,289.7,258.6,220.7,195.5,182.5,161.1,151.7,149.8,140.3,143.54,144.22,141.8,114.06,109.94,117.5,123.52,113.62,105.03,98.02,88.7
Brebes,519.6,488.6,533.1,492.2,459.3,432.4,398.8,394.4,371.4,367.9,355.1,352.01,347.98,343.46,309.17,293.18,308.78,314.95,290.66,286.14,283.28,257.29
Kota Magelang,17.4,16.4,14.5,13,14.9,13.7,12.4,13.1,12.3,11.8,11,10.92,10.64,10.63,9.59,9.1,9.27,9.44,8.65,7.45,7.25,6.93
Kota Surakarta,69.5,69.1,77.6,69.8,83.4,78,69.9,64.5,60.7,59.7,55.9,55.71,55.91,54.89,46.99,45.18,47.03,48.79,45.94,43.89,43.28,40.08
Kota Salatiga,16,15,15.2,15.6,14.9,14.1,14.2,13.3,12.6,11.5,10.8,10.62,9.73,9.55,9.24,9.21,9.69,10.14,9.45,9.41,9.33,8.66
Kota Semarang,79,58.7,77.8,77.6,89.6,73.1,79.7,88.5,83.3,86.7,84.7,84.27,83.59,80.86,73.65,71.97,79.58,84.45,79.87,80.53,77.79,74.36
Kota Pekalongan,18.6,17.5,19.9,17.9,28,23.3,26.4,28.3,27.3,24.1,23.6,24.06,23.65,22.51,20.52,20.21,22.16,23.49,21.81,21.36,21.16,19.49
Kota Tegal,23.1,21.7,24.7,22.2,26.8,23.4,25.7,25.9,24.4,21.6,20.9,20.31,20.26,20.11,19.44,18.64,19.55,20.27,19.78,19.22,19.17,18.27
D I YOGYAKARTA,616.2,625.8,648.7,633.5,608.9,574.9,540.5,564.3,565.7,541.9,532.6,550.23,494.94,488.53,460.1,448.47,475.72,506.45,454.76,448.47,445.55,425.82
Kulon Progo,94.6,104.3,106.1,103.8,97.9,89.9,90.1,92.8,93.2,86.5,84.7,88.13,84.34,84.17,77.72,74.62,78.06,81.14,73.21,70.74,71.48,67.25
Bantul,151.4,150.9,178.2,169.3,164.3,158.5,146.9,159.4,159.2,156.6,153.5,160.15,142.76,139.67,134.84,131.15,138.66,146.98,130.13,128.51,126.93,127.25
Gunung Kidul,173.3,191.1,194.4,192.1,173.5,163.7,148.7,157.1,157.8,152.4,148.4,155,139.15,135.74,125.76,123.08,127.61,135.33,122.82,122.24,120.41,113.48
Sleman,146.5,135.1,128.1,125.4,125,117.5,117,117.3,118.2,110.8,110.4,110.96,96.63,96.75,92.04,90.17,99.78,108.93,98.92,97.5,97.94,89.28
Kota Yogyakarta,50.4,44.4,45.2,42.9,48.1,45.3,37.8,37.7,37.4,35.6,35.6,35.98,32.06,32.2,29.75,29.45,31.62,34.07,29.68,29.48,28.79,28.58
JAWA TIMUR,-,-,-,-,-,-,-,-,-,-,-,-,-,4617.01,4332.59,4112.25,4419.1,4572.73,4181.29,4188.81,3982.69,3875.88
Pacitan,133.5,128.5,139.2,125.6,114.4,102.9,105.4,98.7,94.5,91.7,88.9,92.08,85.53,85.26,78.64,75.86,80.82,84.19,76.93,76.2,73.03,72.47
Ponorogo,153.2,150.1,162.6,157.9,144.5,127.5,113,105.9,101.4,103,99.9,103.22,102.06,99.03,90.22,83.97,86.74,89.94,81.8,83.71,80.05,77.93
Trenggalek,161.5,152.5,165.2,149.1,135.2,119.6,108,101.2,96.9,92.8,90,92.17,91.49,89.77,83.5,76.44,81.06,84.89,76.75,74.58,73.75,72.35
Tulungagung,158.1,165.8,189,170.5,119.1,102,105.4,98.7,94.6,91.7,89,87.37,84.35,82.8,75.23,70.01,76.4,78.59,70.52,68.81,66.42,63.17
Blitar,179.4,175.8,190.4,171.2,150.8,136.8,135.5,126.9,121.6,120.3,116.7,114.12,113.51,112.93,112.4,103.75,108.55,112.62,101.94,101.94,95.91,89.04
Kediri,255.3,255.9,277.2,267.4,265.5,239.9,232.8,218.1,209,202.7,196.8,199.38,197.43,191.08,177.2,163.95,179.93,184.49,169.46,171.18,159.27,157.47
Malang,381.3,373.7,404.8,365.3,353.3,318.9,306.8,287.4,275.5,288.6,280.3,292.87,293.74,283.96,268.49,246.6,265.56,276.58,252.88,251.36,240.14,235.63
Lumajang,179.8,186.1,201.9,199,180.7,157.8,140.8,131.9,126.4,124.4,120.7,118.51,115.91,112.65,103.69,98.88,102.6,105.25,95.04,93.82,91.05,90.64
Jember,386.1,408,423.3,417,399.5,348.1,311.8,292.1,280,278.5,270.4,269.54,265.1,266.9,243.42,226.57,247.99,257.09,232.73,236.46,224.77,216.76
Banyuwangi,244.9,236.1,251.9,227.3,206.8,181,175.1,164,157.2,152.2,147.7,146,140.45,138.54,125.5,121.37,130.37,130.93,122.01,119.52,106.61,100.13
Bondowoso,173,169.5,183.6,165.7,152.6,138.7,131.9,123.6,118.5,115.3,111.9,113.72,114.63,111.66,110.98,103.33,110.24,115.18,105.69,105.13,99.62,96.71
Situbondo,115.5,113.2,107.2,93.9,108.9,96.8,105.2,98.6,94.5,90.3,87.7,91.17,89.68,88.23,80.27,76.44,83.74,86.95,81.46,82.62,80.17,78.02
Probolinggo,272.9,267.4,289.7,277.1,305.1,280.1,276.7,259.2,248.5,238.7,231.9,236.96,240.47,236.72,217.06,207.22,218.35,223.32,203.23,205.02,197.11,196.26
Pasuruan,290.9,285.1,308.9,278.7,253.5,219.4,199.3,186.7,179.1,175.7,170.7,169.19,168.06,165.64,152.48,141.09,151.43,159.78,148.62,154.09,144.84,138.43
Sidoarjo,220,239.1,223.3,223.3,144.5,120.9,145.5,136.3,130.5,138.2,133.8,136.13,136.79,135.42,125.75,119.29,127.05,137.15,125.69,119.15,109.39,107.57
Mojokerto,157.5,154.3,165.4,143.8,142.6,130.1,125.4,117.5,112.7,116.6,113.3,113.86,115.38,111.79,111.55,108.81,118.8,120.54,111.03,112.86,108.72,102.67
Jombang,284.3,278.6,289.9,261.6,205.6,182.5,166.5,156,149.6,137.5,133.5,133.75,133.32,131.16,120.19,116.44,125.94,127.3,115.48,117.36,110.57,107.82
Nganjuk,240.6,235.8,255.4,230.5,191.9,167.3,151.7,142.1,136.1,140.8,136.5,132.04,127.9,125.52,127.28,118.51,122.73,125.53,113.63,115.86,108.37,107.3
Madiun,155.9,137.5,144.7,130.6,115.3,105.7,102.3,95.8,91.8,83.7,81.2,84.74,85.97,83.43,77.75,71.91,78.3,81.61,74.07,75.87,73.15,71.59
Magetan,106.7,104.6,113.3,102.2,95.1,84.7,80.3,75,71.8,76.3,74,71.16,69.24,65.87,64.86,60.43,65.09,67.75,62.65,62.49,59.51,58.38
Ngawi,212.5,193.4,209.1,188.7,169,154.1,149.2,137.8,131.7,127.5,123.2,129.32,126.65,123.76,123.09,119.43,128.19,130.81,119.02,121.3,116.47,114.9
Bojonegoro,336.9,323.9,350.9,321.5,292.7,262,227.2,212.9,203.9,196.8,190.9,193.99,180.99,178.25,163.94,154.64,161.1,166.52,153.4,153.25,147.33,144.9
Tuban,306.8,300.7,325.8,297.8,270.5,241,225.8,211.5,202.7,196.9,191.1,196.59,198.35,196.1,178.64,170.8,187.13,192.58,178.05,177.25,171.24,168.86
Lamongan,318.4,280.8,304.2,297.6,259.7,235.9,220.6,206.7,197.9,192,186.1,182.64,176.92,171.38,164,157.11,164.68,166.82,151.08,149.94,146.98,145.45
Gresik,247.5,242.5,287.5,273.6,248.8,225.8,193.9,181.7,174.4,171.6,166.9,170.76,167.12,164.08,154.02,148.61,164.05,166.35,149.64,149.75,142.39,138.55
Bangkalan,292.6,286.7,306.7,288.3,304,287.6,255.6,239.5,229.8,218.3,212.2,216.23,205.71,206.53,191.33,186.11,204,215.97,196.11,196.66,190.94,187.9
Sampang,332.6,325.9,353.1,338.9,302.8,285,285.5,267.5,253.4,248.2,239.6,240.35,227.8,225.13,204.82,202.21,224.74,237.23,217.97,221.71,214.32,213.98
Pamekasan,241.3,237.6,271.5,257.4,213.6,201,179.2,167.9,160.8,153.7,148.8,146.92,142.32,137.77,125.76,122.43,129.41,137.12,126.02,126.43,123.46,118.52
Sumenep,314.1,331.2,351.1,325.5,290.6,265,256.7,242.5,232.2,225.5,218.9,216.84,216.14,211.92,218.6,211.98,220.23,224.73,206.2,206.1,196.42,188.48
Kota Kediri,34.3,33.6,36.4,35.3,30.7,27.5,24.9,23.3,22.3,22.8,22.1,23.77,23.64,24.07,21.9,20.54,22.19,22.55,21.15,21.03,19.24,17.93
Kota Blitar,14.5,14.2,15.4,15.2,12,9.8,10.1,9.5,9.1,10.1,9.8,10.04,9.97,11.22,10.47,10.1,11.1,11.33,10.65,10.61,9.86,9.69
Kota Malang,55.9,54.8,59.4,56.6,57.2,44.4,48.5,45.4,43.5,41,40.6,39.1,37.03,35.88,35.49,35.39,38.77,40.62,38.56,37.78,34.84,34.41
Kota Probolinggo,36.4,35.7,38.7,34.9,51.3,47.1,41.4,38.8,24.3,19.2,19,18.66,18.37,18.23,16.9,16.37,17.72,17.91,16.16,15.86,15.24,14.11
Kota Pasuruan,22.3,21.8,23.6,21.3,18.9,15.8,16.8,15.7,15.1,14.6,14.2,14.52,14.93,14.85,13.45,12.92,13.4,13.97,13.02,13.56,13.07,12.83
Kota Mojokerto,12.1,11.9,12,11.5,9.8,7.9,8.9,8.3,8,8.3,8,7.72,7.24,7.28,7.04,6.63,8.09,8.37,7.88,7.65,7.43,6.77
Kota Madiun,15.8,15.8,13.8,12.1,11.6,10.3,10.4,9.7,9.3,8.7,8.5,8.55,9.05,8.7,7.92,7.69,8.83,9.06,8.49,8.46,7.84,6.96
Kota Surabaya,248.2,194.6,210.8,203.7,209.9,171.2,195.7,183.3,175.7,169.4,164.4,165.72,161.01,154.71,140.81,130.55,145.67,152.49,138.21,136.37,116.62,105.09
Kota Batu,20.2,17.2,21.2,17.3,11.3,8.8,9.7,9.1,8.7,9.4,9.1,9.43,9.05,8.77,7.98,7.89,8.12,8.63,8.05,7.1,6.59,6.22
BANTEN,779.2,830.5,904.3,886.2,830.4,775.8,751,690.9,642.9,677.5,649.2,702.4,658.11,675.04,661.36,654.46,775.99,867.23,814.02,826.13,791.61,772.78
Pandeglang,151.5,154.8,170.3,175.5,144.5,140.3,127.9,117.6,109.1,121.1,113.1,124.42,115.9,117.31,116.16,114.09,120.44,131.43,114.65,114.23,113.45,105.35
Lebak,138,141,172.4,181.1,156.9,142.2,125.2,115.2,106.9,118.6,115.8,126.42,111.21,111.08,108.82,107.93,120.83,134.75,117.22,114.54,111.71,106.52
Tangerang,246,251.2,279.1,258.9,279.5,256.2,205.1,188.7,176,183.9,173.1,191.12,182.52,191.62,190.05,193.97,242.16,272.35,270.52,276.33,266.43,265.9
Serang,166.7,196.8,170.8,177.4,124.8,82.9,89.2,82,76.1,72.8,71.4,74.85,67.92,69.11,64.46,61.54,74.8,83.09,75.45,73.83,68.86,68.51
Kota Tangerang,62.4,68,95.1,76.9,110.4,106.1,124.3,114.3,106.5,103.1,98.8,102.56,102.88,105.34,103.49,98.37,118.22,134.24,132.88,137.7,128.91,124.76
Kota Cilegon,14.5,18.7,16.6,16.5,14.3,15.4,16.8,15.5,15,15.9,15.5,16.96,14.9,14.89,13.96,13.2,16.31,18.89,16.46,18.2,17.31,16.05
Kota Serang,-,-,-,-,-,32.8,40.7,37.4,34.7,36.7,36.2,40.19,36.4,36.97,36.21,36.21,42.24,47.91,42.56,44.99,41.62,41.07
Kota Tangerang Selatan,-,-,-,-,-,-,21.9,20.1,18.7,25.4,25.3,25.89,26.38,28.73,28.21,29.16,40.99,44.57,44.29,46.31,43.33,44.61
BALI,231.9,228.4,243.5,229.1,205.7,173.6,221.6,183.1,158.9,182.8,196,196.71,178.18,180.13,171.76,163.85,165.19,201.97,205.69,193.78,184.43,173.24
Jembrana,17.7,22.9,26.3,25,20.4,17.6,21.3,17.6,15.3,14.9,15.8,15.83,14.53,14.78,14.35,13.55,12.6,14.24,15,14.12,12.9,12.45
Tabanan,34.8,37.2,31.8,30.2,28.5,20.8,29.3,24.2,21,22.5,24.4,24.05,21.9,21.66,19.77,18.74,19.11,23.11,23.46,21.42,20.16,19.45
Badung,20.5,22,18.2,17.4,13.7,14,17.7,14.6,12.5,14.5,15.4,14.4,12.91,13.16,12.97,11.89,13.75,18.52,18.28,17.01,16.87,14.66
Gianyar,30.5,21.6,27.1,25.8,28.9,25.5,31.5,26,22.6,20.8,22.5,22.89,22.13,22.42,21.26,19.85,21.01,25.36,24.74,23.76,21.45,20
Klungkung,12.4,13.3,15.7,15,11.7,8.8,12.9,10.7,9.3,12.2,12.3,12.11,11.21,11.15,10.43,9.66,8.76,10.19,10.89,10.22,9.68,9.48
Bangli,13.1,14.1,16.7,15.9,13.3,11.4,13.8,11.4,9.9,12,13,12.74,11.66,11.76,11.05,10.08,9.56,11.68,12.17,12.24,11.79,11.28
Karangasem,25.9,30.3,35.8,34.1,29.5,24.7,31.6,26.1,22.7,27.8,29.7,30.33,27.12,27.02,26.02,25.99,24.69,28.52,29.45,27.83,27.76,27.32
Buleleng,61.8,55.6,56.1,53.4,46.6,37.7,45.9,37.9,33,40.3,43.7,43.43,37.55,37.48,35.2,34.26,35.25,40.92,41.68,39.52,36.55,35.39
Kota Denpasar,15.1,11.4,15.7,12.3,13.1,13.3,17.5,14.5,12.7,17.6,19.2,20.94,19.17,20.7,20.72,19.83,20.48,29.41,30.02,27.69,27.27,23.2
NUSA TENGGARA BARAT,-,-,-,-,-,-,972.3,896.2,840.1,815.5,816.6,823.89,804.45,793.78,737.46,735.96,713.89,746.66,731.94,751.23,709.01,654.57
Lombok Barat,230.5,248.6,244.5,240.7,222.2,208.5,129.8,119.6,112.2,111,110.7,113.3,110.85,110.69,103.77,105.04,100.25,105.24,99.01,102.71,96.57,92.12
Lombok Tengah,211.3,222.7,231,223.4,197.2,187.6,171.4,158,148.2,145.2,145.2,147.94,145.37,142.14,130,128.82,128.1,131.94,128,129.74,122.32,109.25
Lombok Timur,274.1,295.4,292,282.1,284.3,270.6,263.7,243.1,227.9,219.6,219.7,222.19,216.18,215.81,196.87,193.56,183.84,190.84,189.64,197.63,185.03,173.79
Sumbawa,123.4,119,124.9,122,109.6,105,90.5,83.4,78.2,73.8,73.9,73.57,71.66,68.69,63.77,63.49,62.88,66,64.73,67.4,63,58.23
Dompu,52.2,61.1,63.4,62,54.7,49.5,43.7,40.3,37.8,33,36.4,35.94,34.31,32.85,30.74,30.81,30.97,33.26,33.27,34.38,32.08,31.27
Bima,90.9,108.3,112.3,108.1,94.9,89.7,85.2,78.5,73.6,74.6,74.5,73.71,72.36,72.14,71.65,71.95,71.32,75.49,74.46,74.74,72.92,66.81
Sumbawa Barat,-,26.6,29.1,28.7,25.2,24.3,25.1,23.1,21.7,21.7,22,22.5,22.47,22.33,20.36,20.45,20.2,21.51,21.28,21.77,21.13,19.46
Lombok Utara,-,-,-,-,-,-,86.3,79.5,74.2,74.8,72.2,72.28,71.02,69.24,62.86,63.84,59.86,61.7,59.82,60.13,56.43,49.28
Kota Mataram,32.5,37.9,41.5,35.9,61.2,60.6,58.3,53.7,50.5,46.7,46.7,46.76,44.81,44.53,42.6,43.19,41.8,44.45,45.3,46.21,43.74,39.82
Kota Bima,15.7,16.9,17.5,15.7,19.5,18.9,18.3,16.9,15.9,15.2,15.3,15.7,15.42,15.36,14.84,14.8,14.66,16.22,16.44,16.53,15.81,14.54
NUSA TENGGARA TIMUR,-,-,-,-,-,-,-,986.5,998.4,-,991.9,-,-,1150.79,1142.17,1146.32,1153.76,1169.31,1131.62,1141.11,1127.57,1088.78
Sumba Barat,164.3,168.4,184.6,43.5,38.4,36.3,35.3,34.1,34.1,34.2,33.5,37.35,36.21,36.69,36.3,36.56,36.95,37.78,37.06,37.15,36.72,37.08
Sumba Timur,80.3,82.3,90.2,82.8,81.1,76.6,74.1,71.5,71.4,68.8,67.4,77.95,78.19,78.18,76.8,77.39,77.3,78.33,75.28,75.66,73.58,70.35
Kupang,109,111.8,122.6,111.6,95.6,90,63.2,61,98.6,101.5,65,80.98,82.57,84.35,88.67,92.02,94.94,91.25,88.02,90.23,90.34,87.5
Timor Tengah Selatan,149.5,149.7,164.1,147.5,130.8,123.4,126.7,122.3,122.7,126,122.5,144.01,138.43,136.45,130.63,130.31,128.98,125.68,120.45,119.51,117.41,116.74
Timor Tengah Utara,62.7,69.5,68,60.4,55.2,50.6,52.3,50.5,50.7,51.8,50.7,61.96,59.34,58.59,56.09,56.94,56.98,58.33,55.88,57.19,55.03,53.44
Belu,70.4,72.1,79,83.9,82.7,77.1,54.7,52.8,28.4,29.3,54.5,34.75,33.13,33.95,33.91,34.08,34.18,35.41,33.98,33.19,32.57,30.4
Alor,48.7,49.9,54.7,48.2,43.2,39.2,40.3,38.9,38.8,39.6,38.7,45.83,44.95,43.9,44.13,44.32,43.55,43.83,42.3,41.91,41.89,38.68
Lembata,33.5,34.4,37.7,33.5,28.8,27,31.6,30.5,30.6,29.6,29.1,35.93,35.18,36.26,36.95,37.46,37.92,38.75,37.88,37.94,37.72,36.78
Flores Timur,33.1,33.9,37.2,31.2,29.3,24.8,22.4,21.6,21.7,19.6,19.2,24.02,25.65,26.97,27.99,27.83,27.89,28.9,28.08,30.93,29.74,28.92
Sikka,53,54.4,59.6,50.5,45.9,40.5,40.3,38.9,39.1,39.2,38.3,44.64,45.14,45.01,44.02,43.32,42.18,43.09,40.87,40.81,38.73,36.74
Ende,49.6,47.4,53.2,46,57.5,51.7,56.5,54.5,54.6,56.2,54.7,63.23,64.65,65.11,66.01,63.45,65.22,66.38,63.4,63.1,62.37,58.92
Ngada,37.3,38.2,41.9,21.8,19.4,17.3,17.2,16.6,16.7,16.9,16.5,19.85,19.76,20.21,20.79,20.31,20.62,20.98,20.14,20.57,20.48,19.53
Manggarai,151.5,155.4,167.2,150.5,137.8,66.9,67.1,64.8,65.2,65.2,63.9,74.01,72.65,71.86,69.32,69.33,69.52,71.03,69.68,70,68.39,65.81
Rote Ndao,28.2,28,30.7,30.1,38.8,37.3,39.6,38.2,38.4,39.1,38.6,45.01,45.06,45.57,46.13,47.66,48.77,51.71,52.43,53.55,52.89,51.64
Manggarai Barat,53.1,53.7,58.9,53.5,48.3,45.9,45.4,43.8,44.3,44.1,42.6,50.98,49.55,49.39,48.53,49.23,49.4,51.15,49.95,49.95,50.68,49.55
Sumba Tengah,-,-,-,53.3,21.5,20.8,21.3,20.6,20.8,21.3,21.3,24.69,25.34,25.37,24.93,25.12,25.37,25.48,24.49,24.24,23.81,22.81
Sumba Barat Daya,-,-,-,76.1,88.6,86.3,85.1,82.2,82.7,82.7,81,96.54,99.26,99.55,97.28,96.3,97.81,100.42,98.5,101.4,102.05,97.68
Nagekeo,-,-,-,18.9,16.8,15.6,16.6,16,16.3,16.5,16.6,20,19.18,19.2,18.69,18.7,18.51,19.11,18.01,18.57,18.68,18.63
Manggarai Timur,-,-,-,-,-,59,65.8,63.5,64,66.1,64.7,77.67,76.37,74.85,74.88,75.83,76.69,77.17,74.55,74.4,74.59,70.99
Sabu Raijua,-,-,-,-,-,-,30.6,29.5,25.6,25.3,24.8,28.43,28.58,28.22,28.88,29.49,30.14,30.6,30,30.43,30.98,30.65
Malaka,-,-,-,-,-,-,-,-,-,-,-,32.28,31.14,30.91,30.79,30.83,31.12,32.17,30.48,29.19,28.54,28.05
Kota Kupang,27.8,22.1,24.2,20.3,46.1,35.4,35.7,34.5,33.6,33.8,33.3,39.73,39.59,40.22,40.44,39.86,39.72,41.77,40.2,41.2,40.38,37.91
KALIMANTAN BARAT,558.2,629.8,626.7,584.3,502.8,425.4,400.4,376.1,365.1,407.3,381.9,383.7,381.35,387.43,387.08,378.41,366.77,367.89,350.25,353.35,336.08,330.95
Sambas,68.8,78.9,80.6,73.6,61.5,53.8,50,47,45.3,51.2,49.3,49.29,44.88,45.41,45.48,43.84,41.41,41.49,37.65,38.71,35.87,35.07
Bengkayang,29.5,29,29,25.8,21.1,17.9,16.8,15.8,15.2,18.4,16.9,16.49,18.04,18.48,17.94,17.69,17.11,16.92,15.97,16.87,16.35,16.09
Landak,75.2,87.1,87,86.3,66,55.8,46.5,43.7,42.6,49.5,48.5,48.46,44.55,44.82,43.73,43.16,42.36,42.01,38.65,38.92,35.38,35.34
Mempawah,79.7,75.6,75.5,62.7,17.4,13.1,15,14.1,13.7,15.6,15,13.88,14.61,15.3,14.61,14.02,13.18,13.82,14.3,14.15,13.22,12.38
Sanggau,58.4,39.8,39.8,33,26.5,19.9,20.5,19.3,18.7,20.4,19.7,20.26,20.27,20.62,21.59,21.41,21.16,21.7,21.74,23.34,23.02,22.93
Ketapang,86.3,100,99.9,78,67.7,59.6,58.5,55,53.5,58.8,54.2,55.39,53.07,54.28,54.86,53.84,53.45,53.04,49.92,49.95,46.59,46.82
Sintang,80.9,69.4,69.3,66.2,54.1,46.9,35.5,33.4,32.5,39,35.7,36.83,40.36,41.46,42.65,40.3,39.19,39.4,36.76,35.49,35.18,35.02
Kapuas Hulu,32,37.1,37.1,34.8,27.3,24.1,25.3,23.8,23.2,26.4,24.3,23.74,24.49,23.96,24.76,25.22,23.93,24.03,23.43,22.59,20.77,19.47
Sekadau,-,21.8,21.8,19.3,14.8,12.6,12.3,11.6,11.1,13.2,12.1,12.56,11.97,12.74,12.29,12.28,11.92,12.69,11.91,12.09,11.69,11.64
Melawi,-,36,36,35,27.1,23.5,24.8,23.3,22.6,26,24,24.56,25.05,25.28,26.24,25.71,25.34,25.47,24.57,24.18,23.36,23.36
Kayong Utara,-,-,-,18.7,14.4,12.5,11.2,10.5,10.2,11.1,9.9,10.41,10.89,10.75,11.13,11.21,10.9,10.72,10.52,10.77,10.56,10.58
Kubu Raya,-,-,-,-,37.1,37.1,35.9,33.7,32.8,32.1,29.5,28.38,27.83,29.52,28.86,27.37,25.9,25.47,24.39,25.33,24.72,24.4
Kota Pontianak,31.5,36.5,36.5,37.7,52.8,36.6,36.6,34.4,33.4,32.8,30.9,31.56,34.13,33.18,31.76,31.46,30.7,30.11,29.61,29.92,28.56,27.5
Kota Singkawang,16,18.6,14.3,13.1,15.1,12,11.4,10.7,10.4,13,12,11.9,11.21,11.61,11.17,10.9,10.23,11.03,10.82,11.06,10.82,10.36
KALIMANTAN TENGAH,194.1,230.9,212.8,210.3,194.3,166.9,166,150,145.1,149.4,148.8,147.7,143.49,139.16,136.93,134.59,132.94,140.04,145.1,142.17,145.63,147.8
Kotawaringin Barat,16.6,19.9,18.1,20,19.6,17.8,16.5,14.9,14.4,14.3,14.3,14.01,14.11,13.27,12.9,12.76,11.46,12.29,12.44,13.44,13.43,14.18
Kotawaringin Timur,34.3,40.9,42.1,40.4,38,30.8,31.4,28.4,27.5,28,27.9,27.26,27.39,27.7,28.2,27.38,26.64,27.06,27.56,26.57,26.69,27.7
Kapuas,34.8,41.5,37.8,36.8,31.7,25,23.4,21.1,20.7,21.2,21.2,20.9,19.96,18.8,18.52,18.23,18.17,19.45,20.18,19.19,19.47,20.43
Barito Selatan,13.9,16.1,14.7,14.3,13.3,12,10.6,9.6,9.3,8.1,8,6.66,6.09,5.95,6.16,5.99,6.12,6.42,6.83,6.66,6.87,7.09
Barito Utara,10.4,12.5,11.4,11.1,9.9,8.7,8.7,7.9,7.6,7.5,7.5,7.53,6.9,6.72,6.5,6.46,6.78,7.4,7.7,7.14,7.6,7.44
Sukamara,3.5,4.2,3.8,3.7,3.4,2.6,3,2.7,2.7,2.4,2.3,2.37,2.12,1.99,1.96,2.01,2.13,2.38,2.48,2.71,2.9,2.87
Lamandau,4.5,5.4,4.9,4.8,4.6,3.8,3.7,3.3,3.2,3.4,3.4,2.9,2.88,2.74,2.52,2.47,2.61,2.92,2.78,2.63,2.79,2.89
Seruyan,11.7,14,12.8,13.4,13,11.5,14,12.7,12.3,14.2,14.2,14.92,14.57,14.04,14.56,14.66,14.53,15.07,15.96,15.71,16.06,15.64
Katingan,14.9,17.4,13.4,13,11.9,11.1,10.7,9.7,9.3,10.2,10.2,10.41,10.1,9.51,8.73,8.51,8.23,9.15,9.71,8.95,9.55,9.75
Pulang Pisau,11.5,13.8,12.6,12,11.1,8.7,7.4,6.7,6.4,6.7,6.7,7.04,6.88,6.54,5.71,5.39,5.21,5.43,6.04,5.92,5.91,6.23
Gunung Mas,8.5,10.2,9.3,9,8.7,7.9,7.8,7,6.8,7.3,7.2,6.75,6.55,6.67,5.96,5.86,5.78,6.3,6.7,6.55,6.86,6.67
Barito Timur,10.1,12,10.9,11.6,11,9.4,10.2,9.2,8.9,9.5,9.5,9.51,8.88,8.56,8.05,7.97,7.88,8.02,8.42,8.59,8.74,8.12
Murung Raya,8.2,9.8,8.9,8.7,8,7.2,6.9,6.2,6,6.8,6.8,7.2,7.1,6.75,7.39,7.21,7.18,7.31,7.69,7.81,8.05,7.64
Kota Palangka Raya,11,13.2,12,11.7,9.9,10.4,11.7,10.6,10.1,9.7,9.7,10.25,9.96,9.91,9.78,9.69,10.23,10.86,10.62,10.31,10.7,11.16
KALIMANTAN SELATAN,231,235.7,278.5,233.5,211.1,188,205.4,198.6,190.6,184.3,189.5,198.44,195.7,193.92,189.03,192.48,187.87,208.11,195.7,188.93,183.31,172.72
Tanah Laut,20,23.5,23.9,19.8,16.1,13.9,15.2,14.7,14.1,13.7,14,14.79,15.24,15.31,14.87,15.45,14.79,15.86,13.54,13.22,13.4,10.83
Kota Baru,15.6,21.3,26.9,22.9,18.4,15.4,15.9,15.4,14.8,14.7,15.1,14.72,14.78,14.44,15.17,15.29,14.6,16.83,15.07,15.32,15.98,15.89
Banjar,31.4,23.8,22.7,20,17.8,18.2,17,16.4,15.7,15.3,15.7,18.05,17.36,16.85,15.62,15.91,15.12,18.07,16.71,14.77,14.46,16.92
Barito Kuala,18,18.8,24.1,21.5,19.3,15.3,15.8,15.3,14.7,14.9,15.3,15.96,15.71,15.64,14.09,14.49,14.25,16.1,15.06,14.71,14.04,13.97
Tapin,11.6,12.1,15.3,12.5,9.2,7.5,9.4,9.1,8.7,6,6.5,7.01,6.81,7.01,6.98,6.51,5.9,6.93,6.98,6.22,6.55,5.77
Hulu Sungai Selatan,21.2,17.9,22.6,19.6,19.2,15.2,16.3,15.8,15.1,14.8,15.2,14.59,14.42,13.45,12.22,12.64,12.39,11.47,10.8,9.61,8.14,7.55
Hulu Sungai Tengah,23.1,21.3,24.9,19.3,17.2,13.9,15.4,14.9,14.3,14.2,14.6,15.08,16.22,16.17,16.14,16.1,15.47,16.77,16.14,16.01,16.03,13.94
Hulu Sungai Utara,22.1,25,28.3,23.3,18.2,15.7,16.2,15.7,15,15.2,15.6,15.94,15.38,15.35,14.92,15.4,14.72,16.19,15.5,15.02,13.93,11.71
Tabalong,18.7,19.7,24.7,21.1,15.5,13.2,14.4,13.9,13.3,14.3,14.7,15.71,15.4,15,14.87,15.22,14.7,16.13,15.24,15.15,14.97,12.5
Tanah Bumbu,13.5,17.5,22.1,17.8,12.9,13.5,17.5,16.9,16.3,16,16.6,17.91,17.48,17.02,17.06,17.35,16.83,18.92,17.22,17.17,14.68,13.81
Balangan,10.8,11.3,13.8,11.5,7.8,7.3,8.7,8.4,8.1,7.4,7.7,7.28,7.09,7.21,7.21,7.27,7.06,8.06,7.83,7.07,6.68,6.42
Kota Banjarmasin,18.3,16.9,19.3,17.6,29.5,30.3,31.6,30.6,29.3,27.8,28.5,29.95,28.75,28.93,29.24,29.65,31.31,34.84,34.01,33.47,33.38,33.16
Kota Banjar Baru,6.6,6.6,10,6.6,10.1,8.8,12,11.6,11.1,10,10,11.46,11.06,11.54,10.64,11.22,10.75,11.95,11.61,11.18,11.07,10.27
KALIMANTAN TIMUR,249.1,233.5,256.4,247,189.9,178.9,219.7,190.1,187.9,193.7,195.3,212.89,212.92,220.17,218.9,219.92,230.27,241.77,236.25,231.08,221.34,199.71
Paser,27.2,25.9,29.2,28,19.7,18.4,22.1,19.1,18.9,20.1,20.3,22.82,23.17,25.3,25.14,25.45,26.77,27.56,27.02,26.39,25.28,24.05
Kutai Barat,19.9,20.1,22.9,21.5,16.7,14.3,16.5,14.3,14.1,13.2,12.9,12.12,12.65,12.8,13.49,13.45,13.78,15.38,15.38,14.69,14.49,13.24
Kutai Kartanegara,73.3,73,73,63.5,48.2,42.5,54.7,47.3,46.8,52.1,52.5,56.99,55.82,56.57,56.56,56.34,58.42,62.36,62.87,60.86,59,54.99
Kutai Timur,27.9,26.6,31.8,31.7,24.8,22.9,29.2,25.3,25.2,27.2,28.3,29.57,30.17,31.95,33.02,35.31,36.98,37.78,36.84,37.04,37.11,34.91
Berau,11.9,11.3,14.6,14.6,9.6,10.1,11.9,10.3,10.2,9.7,9.8,11.21,11.47,11.86,11.33,11.62,12.3,13.62,13.31,13.26,12.35,10.96
Penajam Paser Utara,19,18.1,21.4,21.4,16.1,14.3,15,13,12.8,11.7,11.6,12.17,11.66,12,11.76,11.52,11.93,12.13,11.59,11.19,10.78,9.34
Mahakam Ulu,-,-,-,-,-,-,-,-,-,-,-,2.83,2.88,3.07,3.25,3.19,3.26,3.18,3.1,3.06,2.9,2.73
Kota Balikpapan,17.1,17.3,18,18.3,17.6,18.4,22.9,19.8,19.5,14.9,15,17.89,17.55,17.86,17.01,15.78,17.02,18.53,15.83,14.99,14.53,12.88
Kota Samarinda,44.9,33.6,35.6,38.2,27.7,29,38,32.9,32.4,36.6,36.6,39.25,38.95,40.01,39.23,39.8,41.92,42.84,41.95,41.89,37.8,30.45
Kota Bontang,7.9,7.6,9.9,9.8,9.5,9,9.4,8.1,8,8.2,8.2,8.02,8.6,8.75,8.1,7.47,7.91,8.41,8.39,7.71,7.11,6.18
KALIMANTAN UTARA,69.2,65.6,79.1,77.8,69.6,66.1,65.9,57,54.4,55,57.4,39.69,41.12,49.47,50.35,48.78,51.79,52.86,49.46,47.97,47.83,42.57
Malinau,11.3,10.8,12.9,12.9,10.7,10.3,9.6,8.3,7.9,7.2,7.6,5.63,5.71,6.69,6.63,6.23,6.16,6.39,5.93,5.95,6.45,5.24
Bulungan,21.3,20.3,24,24,19.3,16.5,16.6,14.4,13.7,14.2,15.1,10.93,11.85,13.4,13.03,12.4,13.08,13.48,12.58,12.19,11.95,9.92
Tana Tidung,-,-,-,-,-,2,2.1,1.8,1.7,1.9,2,1.38,1.41,1.64,1.34,1.34,1.46,1.49,1.35,1.47,1.5,1.59
Nunukan,22.7,21.3,25.3,24.6,19.7,18.8,17.7,15.3,14.7,14.9,15,9.84,9.63,11.91,13.38,12.69,13.76,13.94,12.86,11.88,12.61,11.81
Kota Tarakan,13.9,13.2,16.8,16.3,19.9,18.4,19.9,17.2,16.4,16.7,17.7,11.91,12.52,15.84,15.97,16.11,17.33,17.57,16.75,16.49,15.32,14.01
SULAWESI UTARA,192.2,201.4,249.4,250.1,218.2,210.1,217.8,194.7,178.7,201.1,197.6,208.54,202.82,198.88,193.31,191.7,192.37,196.35,185.14,189,186.86,173.84
Bolaang Mongondow,45.4,52.9,65.1,39.6,32.5,31.6,20.8,18.6,17.1,20.2,19.8,20.04,19.55,19.05,18.49,18.3,18.07,19.08,17.96,19.02,20.19,18.4
Minahasa,46,23.8,29.7,30.5,27.1,25.7,27.9,24.9,22.9,28.5,27.8,28.88,27.64,26.34,24.49,24.32,24.95,26.3,24.34,23.86,22.78,20.63
Kepulauan Sangihe,24.9,29,33.8,23.2,18.4,17.4,16.7,14.9,13.6,15.7,15.3,15.87,15.95,15.38,15.46,14.62,14.64,14.55,13.89,14.6,14.38,14.49
Kepulauan Talaud,10.9,10.1,11.7,11.9,9.7,9.2,9.5,8.5,7.8,9,8.7,8.92,9.22,8.84,8.68,9.1,8.84,8.37,7.72,7.97,7.74,7.95
Minahasa Selatan,26.8,31.3,37.3,24.9,21.4,20.5,21,18.8,17.3,20.4,20.1,20.88,20.42,20.26,19.54,19.49,19.38,19.77,19.07,18.9,19.13,17.67
Minahasa Utara,-,12.8,17.5,17.5,14.7,14.2,15.8,14.1,12.9,15.7,15.3,16.03,15.71,14.93,14.13,14.09,14.33,14.49,13.5,13.66,14.32,12.5
Bolaang Mongondow Utara,-,-,-,10.4,8.4,8.1,7.2,6.4,5.9,7.2,7,7.38,7.22,6.95,6.84,6.77,6.82,6.53,6.01,6.56,6.6,6.03
Siau Tagulandang Biaro,-,-,-,9.9,7.9,7.6,7.5,6.7,6.1,7.4,7.2,7.15,6.96,6.81,6.53,6.35,5.95,6,5.53,5.92,5.63,5.64
Minahasa Tenggara,-,-,-,21,17.5,16.9,17.7,15.8,14.6,16.6,16.4,17.45,16.19,15.56,14.73,14.22,13.73,13.31,12.61,12.7,12.59,11.09
Bolaang Mongondow Selatan,-,-,-,-,-,-,10.7,9.6,9,9.2,9.2,9.4,9.35,9.05,8.82,8.74,8.53,8.63,8.1,8.28,7.88,7.39
Bolaang Mongondow Timur,-,-,-,-,-,-,5,4.5,4.1,4.6,4.5,4.73,4.69,4.37,4.3,4.41,4.3,4.47,4.32,4.32,4.41,4.04
Kota Manado,17.3,21.2,28.1,23,28.5,27.8,25.1,22.4,20.5,20.5,20.4,23.96,22.41,23.39,23.21,23.89,25.55,26.78,25.38,25.17,23.59,21.73
Kota Bitung,14.7,15,19,19.4,16.8,16.3,18,16.1,14.6,12.9,12.9,14.13,13.64,14,14.34,14.1,14.18,14.33,14,15,14.5,13.57
Kota Tomohon,6.4,5.3,7.1,7,6.3,6.1,6.8,6.1,5.6,6.4,6.3,6.77,6.63,6.68,6.25,5.99,6.06,6.18,5.79,6.24,6.07,5.55
Kota Kotamobagu,-,-,-,11.8,9,8.6,8.1,7.2,6.6,6.9,6.8,6.95,7.24,7.28,7.49,7.31,7.06,7.56,6.94,6.82,7.05,7.18
SULAWESI TENGAH,486.3,527.5,553.5,557.4,525.2,483.1,455.6,432.1,411,400.4,387.1,421.63,420.52,417.87,420.21,410.36,398.73,404.44,388.36,395.66,379.76,356.19
Banggai Kepulauan,40.1,42.1,42.8,44.4,40.1,36.1,33.5,31.8,30.3,29.4,28.2,18.57,18.72,18.56,18.38,17.54,16.7,16.33,16.07,15.5,14.86,13.92
Banggai,47.4,49.8,53.9,52.9,51.5,45.3,39.2,37.2,35.5,33.8,32.5,34.74,33.97,33.5,33.73,29.3,28.16,30.1,28.55,27.38,26.21,25.17
Morowali,42.6,49.4,52.1,51.1,46.6,42.3,41.9,39.8,37.6,35.4,34,17.79,17.36,16.99,17.03,16.61,16.5,17.07,15.86,15.75,14.99,13.65
Poso,82.8,38.7,41.9,44,43.4,41.6,45.3,43,40.9,41.3,39.6,42.64,42.23,41.88,41.75,39.92,40.2,41.99,40.78,41.48,39.63,36.49
Donggala,97.1,105.1,113.7,114.4,103.5,94.3,53.9,51.1,48.6,49.6,47.6,54.17,55.69,54.44,54.28,55.83,53.17,51.23,50.22,50.37,47.68,45.92
Toli-Toli,42.6,44.7,46.4,45.2,40.8,37.4,34.2,32.4,30.9,30.7,29.5,30.7,30.68,30.64,31.8,30.79,30.51,32.19,30.61,31.13,30.39,29.98
Buol,29.5,34.1,30.1,30.5,28.3,25.7,24.8,23.5,22.4,21.6,20.8,24.31,25.27,25.76,25.4,24.51,22.93,23.46,21.84,23.13,23.05,22.35
Parigi Moutong,80.4,84.4,90.3,90.1,84.5,77.9,83.4,79.1,75.4,75.5,75,82.61,82.38,82.88,83.66,81.36,78.76,76.79,74.6,77.18,74.57,71.88
Tojo Una-Una,-,46.4,51,54,53.8,52.3,33.2,31.5,29.9,29.7,27.7,27.62,27.62,27.3,27.78,26.36,25.43,25.86,25.33,26.51,26.12,23.59
Sigi,-,-,-,-,-,-,32.5,30.8,29.3,27.6,26.5,29.14,29.55,29.55,29.78,30.82,30,31.51,29.94,31.47,29.8,26.03
Banggai Laut,-,-,-,-,-,-,-,-,-,-,-,12.33,11.59,11.63,11.97,11.46,11.09,10.92,10.32,11.27,11.16,10.44
Morowali Utara,-,-,-,-,-,-,-,-,-,-,-,19.81,19.22,19.25,19.4,19.25,18.38,18.4,17.49,17.66,16.74,14.78
Kota Palu,23.9,32.8,31.4,30.8,32.6,30.1,33.5,31.8,30.2,25.9,25.7,27.19,26.24,25.49,25.26,26.62,26.89,28.6,26.75,26.83,24.57,21.99
SULAWESI SELATAN,-,-,-,-,-,936.9,917.4,835.5,812.3,863.2,806.3,797.72,807.03,813.07,792.63,767.8,776.83,784.98,777.44,788.85,736.48,698.13
Kepulauan Selayar,24.5,25.4,24.2,23.8,22.1,19.8,18.3,16.7,16.2,18.2,17,16.9,17.21,17.61,17.59,17.36,17.04,16.93,16.74,16.89,14.94,14.77
Bulukumba,53.2,47.5,53.1,52.3,47.7,41.1,35.6,32.4,31.5,36.7,34.2,33.36,33.25,33.1,31.25,30.49,30,31.31,31.29,30.65,28.6,25.88
Bantaeng,17,17.7,21.1,20.7,18.8,17.2,18.1,16.5,16,18.9,17.7,17.55,17.53,17.91,17.2,16.91,16.84,17.78,17.22,17.49,15.8,14.74
Jeneponto,74.5,77.3,82.5,81.1,74.3,68.2,65.4,59.6,58,58.1,54.2,53.87,55.32,55.34,55.95,54.05,53.24,52.35,50.59,48.32,43.9,42.56
Takalar,31.7,37.3,35.3,34.7,32.2,28.3,30.1,27.4,26.7,29.3,27.4,27.12,27.05,26.99,26.57,25.93,25.38,24.6,24.75,25.01,23.51,22.17
Gowa,94.1,97.7,85.4,83.9,77.2,67,62.1,56.6,55.3,61,57,59.47,61.52,62.77,59.34,57.99,57.68,58.66,57.96,59.1,55.13,54.04
Sinjai,30.2,31.3,35,30.8,28.6,25.8,24.5,22.3,21.7,24.3,22.6,21.99,22.51,22.25,22.48,22.27,22.06,21.69,21.67,21.14,19.4,18.44
Maros,59.9,60,59.8,59.9,56,49.8,46.6,42.4,41.3,43.1,40.1,40.08,39.02,38.5,35.97,34.85,34.62,34.11,33.9,34.96,34,32.67
Pangkajene Dan Kepulauan,61.7,64.1,68.9,69.3,62.8,57.4,59,53.7,52.3,56.4,52.6,53.85,52.86,53.38,50.12,47.07,47.12,48.4,47.53,46.06,42.94,40.37
Barru,17.9,18.6,22.1,23.4,21.7,18.5,17.7,16.1,15.7,17.5,16.6,16.1,16.24,16.76,15.68,14.92,14.44,15.18,14.73,14.88,14.64,14.13
Bone,107.4,114.2,130.9,131.6,121.9,107.3,101.1,92.1,89.5,87.7,80.5,75.01,75.09,77.13,79.57,76.25,81.33,79.64,80.34,80.12,73.03,69.73
Soppeng,10.3,10.7,12.7,12.4,25.6,22.8,23.3,21.2,20.6,21.3,19.8,18.88,19.12,18.76,17,16.45,17.23,17.27,17.21,17.21,15.9,15.34
Wajo,35.1,36.4,43.3,42.6,38.3,33.8,34.5,31.4,30.5,31.9,30.3,30.08,29.46,29.19,29.73,27.48,27.69,26.22,26.75,27.54,26.57,24.15
Sidenreng Rappang,19.9,20.8,20.2,19.9,19.1,16.9,19,17.3,16.9,17.9,16.7,16.03,15.92,15.72,15.41,14.44,15.36,15.25,15.56,15.75,15.48,15.2
Pinrang,29.5,30.6,36.4,35.8,33.3,30.3,31.7,28.9,28.1,32.1,29.9,30.51,31.28,31.43,32.94,31.85,33.56,33.51,33.64,34.23,33.04,32.52
Enrekang,38.1,39.5,42.6,41.9,38.4,34.2,32.1,29.2,28.2,29.7,27.6,27.6,26.98,26.71,25.53,25.4,25.25,26.13,26.15,26.97,24.06,23.09
Luwu,57.3,58.7,64,67.8,62.8,55.2,51.5,46.9,45.5,52,48.5,48.64,50.58,49.8,47.91,46.18,46.04,46.26,46.5,47.67,44.24,41.76
Tana Toraja,78.1,81.1,91.3,89.8,85.3,75.2,32.5,29.6,28.7,31.3,29.1,28.59,28.42,29.18,29.65,28.87,28.41,29.33,29.31,30.23,26.3,25.82
Luwu Utara,40.7,42.3,43.3,42.6,57.5,52.5,46.8,42.6,41.4,46.2,43,41.89,43.75,44.04,42.43,42.48,42.2,43.15,42.29,40.79,36.46,35.03
Luwu Timur,26.1,27.1,24.9,22.9,25.3,21,22.4,20.4,19.9,22.2,20.8,19.67,21.08,21.94,21.15,20.83,20.82,20.99,20.89,21.57,20.7,18.55
Toraja Utara,-,-,-,-,-,-,41.1,37.4,36,36.8,33.9,34.37,33.02,32.85,30.68,28.64,27.88,28.39,27.79,29.14,25.97,24.48
Kota Makassar,71.6,74.3,88.4,69.9,66.9,69.7,78.7,71.7,69.9,66.4,64.2,63.24,66.78,68.19,66.22,65.12,69.98,74.69,71.83,80.32,79.53,71.63
Kota Parepare,7.8,7.8,9.1,8.8,8.3,7.7,8.5,7.7,7.5,8.6,8.1,8.41,8.02,8.07,8.01,7.62,7.96,7.93,8.01,7.98,7.94,6.73
Kota Palopo,14,14.6,17.4,17.4,18.2,17.3,16.8,15.3,14.9,15.5,14.6,14.51,15.02,15.44,14.27,14.37,14.71,15.21,14.78,14.85,14.43,14.31
SULAWESI TENGGARA,418.4,450.5,466.8,465.4,437.1,403.1,351.3,334.3,307.9,330.8,314.1,321.88,326.87,331.71,307.1,302.58,301.82,318.7,309.79,321.53,319.71,304.43
Buton,102.3,67.2,68.1,67.7,69.7,62.6,45.9,43.7,40.1,39.7,37.6,36.6,13.03,13.41,13.78,13.97,13.68,14.25,13.61,14.15,14.41,13.89
Muna,73,78.7,78,66.7,59.9,54.2,46.6,44.3,40.7,43.3,41.3,44.43,32.65,32.35,29.12,28.47,28.73,30.54,30.48,32.24,31.82,28.81
Konawe,65.4,64.5,67.8,61.1,55.7,50.8,42.3,40.2,37,42.7,40.5,37.41,38.14,37.99,33.4,31.25,31.63,32.46,32.09,33.09,33.99,33.04
Kolaka,88.5,72.8,75.8,75.6,68.7,64.1,59.8,56.9,52.6,56.3,53.6,27.21,28.56,26.64,24.74,24,23.76,33.45,31.56,32.96,33.2,29.45
Konawe Selatan,47.5,46,48.2,47.1,43.7,40.4,35.8,34.1,31.5,35.7,33.8,34.05,33.94,33.73,33.73,33.89,34.22,36.17,35.79,36.84,37.09,37.4
Bombana,-,23.7,24.2,23.6,21.8,20.2,22,20.9,19.3,22.3,21.2,20.73,22.04,21.52,19.77,19.37,18.84,19.73,19.21,20.52,20.56,20.15
Wakatobi,-,23.3,24.5,26,24.9,23,17.2,16.4,15.1,16.5,15.4,16.1,15.73,15.48,14.2,14.14,13.75,15.3,15.01,15.34,14.93,13.98
Kolaka Utara,-,27.1,26.7,26.8,29.3,28.4,24.5,23.3,21.4,23.3,22.2,23.07,24.32,23.42,21.03,19.8,19.83,21.36,20.63,21.79,22.07,21.47
Buton Utara,-,-,-,13.2,12.1,11,10.3,9.8,9,10.2,9.7,9.48,9.6,9.63,9.38,9.18,9.13,9.45,9.13,9.09,9.18,8.69
Konawe Utara,-,-,-,7.5,8.2,7.7,7.1,6.8,6.4,6,5.8,5.8,5.79,8.44,8.82,8.67,8.78,9.26,9.02,9.01,8.94,8.19
Kolaka Timur,-,-,-,-,-,-,-,-,-,-,-,28.22,28.52,28.86,25.97,26.29,26.38,20.03,19.33,20.41,20.33,18.99
Konawe Kepulauan,-,-,-,-,-,-,-,-,-,-,-,5.27,5.7,5.97,5.87,5.86,5.88,5.98,5.47,5.44,5.36,5.01
Muna Barat,-,-,-,-,-,-,-,-,-,-,-,-,12.32,12.89,11.39,11.52,11.32,11.55,11.56,11.81,11.36,10.97
Buton Tengah,-,-,-,-,-,-,-,-,-,-,-,-,12.33,16.73,13.72,14.64,14.4,14.73,13.92,14.46,13.52,12.61
Buton Selatan,-,-,-,-,-,-,-,-,-,-,-,-,10.75,12.66,11.86,11.81,11.5,11.71,11.57,11.88,11.5,11
Kota Kendari,19.5,25.9,30.5,27.5,23.6,22.4,23.3,22.2,20.2,19.9,18.8,19.25,19.58,18.44,17.76,17.3,17.46,19.46,18.72,19.24,18.2,18.38
Kota Baubau,22.1,21.3,23.1,22.6,19.6,18.2,16.6,15.8,14.6,15.1,14.1,14.27,13.87,13.55,12.59,12.42,12.53,13.3,12.69,13.29,13.25,12.41
GORONTALO,259.1,255,273.8,241.9,182.9,165.1,172.6,192.4,186.8,198.5,195.1,206.84,203.19,205.37,198.51,186.03,185.02,186.29,185.44,183.72,177.99,162.74
Boalemo,34.3,32.5,37,32.7,27.2,24.4,25.8,29.1,28.3,31.1,30.5,32.19,32.29,34.35,32.83,31.31,31.63,31.83,31.97,31.94,31.53,29.4
Gorontalo,138.5,138.6,146.9,100.5,75.2,66.9,67.1,77.9,75.6,79,77.7,80.52,78.36,76.93,74.69,68.31,66.73,67.21,66.64,65.88,61.91,56.13
Pohuwato,34.6,32.7,35.1,31.3,24.5,22.5,24.2,28.5,27.7,30.2,29.8,32.7,31.66,32.55,30.39,29.13,28.92,29.22,29.32,29.39,28.93,26.1
Bone Bolango,35.7,36,39.1,36.1,27.1,24.1,25.1,25.3,24.6,25.7,25.3,28.19,27.8,27.91,27.61,25.91,25.72,25.76,25.47,24.72,23.67,21.11
Gorontalo Utara,-,-,-,29.2,20.9,19,20.4,20.5,19.9,20.8,20.1,21.06,20.65,21.67,21.09,19.46,19.56,19.34,19.38,19.17,18.99,17.9
Kota Gorontalo,16,15.2,15.6,12,7.9,8.3,9.9,11,10.7,11.7,11.6,12.18,12.43,11.95,11.91,11.91,12.46,12.94,12.67,12.62,12.97,12.12
SULAWESI BARAT,-,-,205.2,189.9,156.9,155.3,171.1,163.2,158.2,151.7,154.7,160.48,152.73,149.76,151.78,151.4,152.02,157.19,165.72,164.14,162.19,152.31
Majene,34.8,36.1,30.9,30.8,24.4,23.9,27.9,26.6,25.9,24.3,24.7,25.79,24.69,23.48,23.53,23.76,24.12,25.01,26.62,25.8,24.41,23.4
Polewali Mandar,109.7,112.2,98.1,88.5,78.3,76.6,84.3,80.4,78,74.5,75.7,77.9,73.04,69.25,69.68,68.86,68.18,69.32,72.87,71.92,70.42,63.29
Mamasa,35.8,37.2,31.4,31,22.5,22.3,22.8,21.7,21,20.6,21.1,22.58,21.43,21.14,21.22,21.64,21.86,22.29,23.7,23.58,23.61,22.87
Mamuju,46.6,45.5,33.9,30.4,24.7,25.4,27.7,26.4,25.6,25.2,25.9,17.96,17.47,19.11,20.42,20.57,20.65,22.3,23.26,23.5,22.64,22.48
Mamuju Utara,14,14.6,10.9,9.2,7,7.1,8.4,8,7.7,7,7.2,7.86,7.67,7.95,7.65,7.42,7.95,8.53,9.3,8.94,9.95,9.65
Mamuju Tengah,-,-,-,-,-,-,-,-,-,-,-,8.39,8.43,8.82,9.28,9.16,9.25,9.74,9.98,10.39,11.16,10.62
MALUKU,397.6,411.5,418.6,404.7,388.8,369.1,389.5,356.4,333.6,315.2,307,328.41,327.72,320.51,320.08,317.69,318.19,321.81,290.57,301.61,297.68,287.76
Maluku Tenggara Barat,62.5,67.8,70.6,68.3,63.1,58.9,35.9,32.8,30.7,32.4,31.4,32.43,31.53,30.67,31.53,30.76,30.74,30.7,26.94,27.64,26.76,26.46
Maluku Tenggara,72.3,47.9,48.5,48.8,46,30.1,29.7,27.2,25.5,24.6,23.9,24.94,24.56,23.69,23.16,22.69,22.59,22.89,21.38,22.02,21.47,21.42
Maluku Tengah,210.4,124.6,124.8,118.7,108.4,101.8,102.9,94.1,88.1,81.4,78.9,81.43,80.28,78.72,74.85,74.8,74.18,74.59,65.73,67.22,66.65,63.05
Buru,38.3,41.8,42.3,40.9,38.9,37.6,27,24.7,23.2,22.4,21.9,23.42,23.53,23.44,23.62,23.89,24.42,25.23,23.6,25.19,25.02,23.95
Kepulauan Aru,-,26.5,26.9,25.9,29.8,28.5,29.5,27,25.1,24.3,23.8,26.14,26.48,25.36,25.68,25.62,25.45,25.11,22.36,23.13,22.45,22.25
Seram Bagian Barat,-,55.9,55.7,53.6,50.7,48,49.7,45.5,42.5,41.5,40.2,44.61,45.03,43.44,43.77,43.14,43.15,43.72,38.57,38.87,38.78,38.01
Seram Bagian Timur,-,31.6,31.8,31.8,30.8,29.3,31.3,28.6,26.9,25.8,25.1,27.44,26.89,26.23,26.64,26.44,26.69,26.41,23.71,24.26,24.34,24.33
Maluku Barat Daya,-,-,-,-,-,-,27.6,25.2,23.3,21,20.4,22.9,22.53,21.94,21.98,21.49,21.37,21.74,20.36,21.23,20.63,20.43
Buru Selatan,-,-,-,-,-,-,11.8,10.8,10.3,9.8,9.7,10.41,10.13,10.28,10.12,10.17,10.07,9.99,9.35,9.77,9.61,9.63
Kota Ambon,-,-,-,-,-,21.1,25.6,23.4,22,17,16.9,17.94,19.64,19.64,21.61,21.66,22.15,23.67,22.58,25.87,25.81,22.3
Kota Tual,14.1,15.4,18.1,16.8,21.2,13.9,18.7,17.1,16.1,15,14.8,16.74,17.12,17.09,17.13,17.03,17.36,17.76,16.01,16.41,16.17,15.94
MALUKU UTARA,107.8,118.6,116.8,109.9,107.9,99.1,101.8,107,88.4,85.6,84.8,79.9,74.67,76.47,81.46,84.6,86.37,87.16,79.88,83.8,83.09,77.27
Halmahera Barat,21.7,16.5,16.4,15.3,15.3,13.8,12.9,13.4,11.2,10.5,10.4,10.81,9.84,9.9,10.14,10.13,10.56,10.59,10.06,10.53,10.65,9.69
Halmahera Tengah,14.8,10.5,10.4,9.8,9.6,9.1,10.5,10,8.5,8.3,8.2,7.52,7.1,7.42,7.51,7.81,7.7,7.65,6.93,6.74,6.44,5.61
Kepulauan Sula,9.4,19.5,19.3,17.7,17.4,14.7,11.9,14.2,11.8,13,12.6,9.02,8.79,8.79,9.19,9.29,8.81,8.36,7.84,8.45,8.31,8.05
Halmahera Selatan,17.4,24.3,24,23.3,23,20.8,18.9,16.6,13.7,12.9,12.7,10.09,9.06,9.25,11.01,11.79,12.41,12.24,11.89,13.65,13.69,11.78
Halmahera Utara,17.8,19.9,18.5,17.5,16.6,15.2,13.1,14.1,11.5,10.3,10.2,8.95,7.59,7.84,8.56,8.79,8.75,10.16,9.01,9.18,9.48,8.84
Halmahera Timur,12,13.4,14.2,13.5,13.8,13.5,14.2,15.6,12.9,13.3,13.3,13.3,13.48,13.62,13.82,14.53,14.97,14.58,13,12.59,12.27,11.05
Pulau Morotai,-,-,-,-,-,-,5.6,6.3,5.3,5.3,5.2,5.09,4.38,4.5,4.67,4.86,4.43,4.45,3.77,3.81,3.69,3.29
Pulau Taliabu,-,-,-,-,-,-,-,-,-,-,-,3.55,3.73,3.71,3.85,3.98,3.89,4.05,3.76,4.03,3.97,3.72
Kota Ternate,6,7.8,7.3,6.9,6.9,7.2,8.4,9.9,8,6.6,6.6,6.37,5.74,6.04,6.76,7.25,8.18,8.45,7.54,8.36,7.88,8.51
Kota Tidore Kepulauan,8.4,6.7,6.6,5.9,5.2,4.9,6.3,6.8,5.6,5.5,5.5,5.2,4.96,5.39,5.95,6.17,6.66,6.64,6.08,6.48,6.72,6.73
PAPUA BARAT,-,-,284.1,266.8,237.3,227.6,217.4,227.1,219.6,226.2,225.5,225.36,225.81,228.38,214.47,211.5,208.58,219.07,218.78,214.98,110.16,106.9
Fakfak,21.9,23.7,26.4,24.7,24.5,23.4,22.2,23.2,20.4,21.3,21.2,20.56,19.98,19.67,18.73,18.22,17.72,18.51,18.13,17.84,17.67,17.04
Kaimana,21.6,-,33.1,31,32.5,9.8,9.7,10.1,8.9,9.6,9.4,9.61,9.62,9.74,9.66,9.63,9.52,10.31,10.11,9.9,10.06,9.9
Teluk Wondama,74.8,-,81.2,76.4,82.6,11.1,11.6,12.1,10.7,11.3,11.4,11.08,11.02,11.25,10.53,10.48,10.22,10.74,10.44,10.24,10.3,10.16
Teluk Bintuni,12.9,14.2,14.7,13.7,10.6,28.2,24.9,26,22.5,23,22.8,22.1,20.97,21.09,19.64,19.59,19.22,20.07,20.45,19.82,19.33,18.48
Manokwari,13.8,-,17.1,16,16.4,70.2,63.8,66.7,56.9,56.7,56.7,40.01,40.28,40.31,37.73,36.67,35.92,35.63,34.96,33.35,33.29,31.72
Manokwari Selatan,-,-,-,-,-,-,-,-,-,-,-,7.63,7.64,7.78,7.24,7.21,7.09,7.65,7.68,7.69,7.64,7.75
Pegunungan Arfak,-,-,-,-,-,-,-,-,-,-,-,11.02,11.34,11.58,10.8,10.74,10.68,11.85,11.87,11.71,11.87,11.86
PAPUA BARAT DAYA,-,-,-,-,-,-,-,-,-,-,-,-,-,-,-,-,-,-,-,-,102.27,103.57
Raja Ampat,11.1,-,11.9,11.5,12,9.7,10,10.5,9.3,9.5,9.5,9.56,9.52,9.43,8.5,8.3,8.32,8.69,8.69,8.51,8.13,8.6
Sorong,25.2,-,27.5,25.9,30.1,33.4,23.6,24.7,25.3,27.4,27.3,26.69,26.83,27.72,26.1,25.3,24.89,25.93,26.34,26.27,25.69,25.61
Sorong Selatan,9.2,-,12.2,11.4,10.4,16.3,8.7,9.1,8.1,8.5,8.4,8.7,8.71,8.79,8.76,8.6,8.71,9.16,9.33,9.35,9.4,9.49
Maybrat,-,-,-,-,-,-,13.3,13.9,12.3,12.8,13,14,13.77,13.87,13.12,13.11,12.8,13.48,13.66,13.57,13.35,13.53
Tambrauw,-,-,-,-,-,-,2.7,2.8,5.1,5.2,5.2,5.17,5.02,4.95,4.77,4.67,4.59,5.31,5.2,5.13,5.02,4.96
Kota Sorong,66,71,60,56.2,18.2,25.4,26.8,28,40,41.1,40.7,39.24,41.11,42.2,38.88,39.02,38.91,41.75,41.93,41.61,40.68,41.39
PAPUA,966.8,919.4,816.7,793.4,709.3,709.4,981.2,946.6,916.4,960.6,864.1,859.15,911.33,897.69,917.63,926.36,911.37,920.44,922.12,915.15,152.91,171.38
Jayapura,26,28.5,30.1,29.4,21.3,20.4,21.4,20.6,20,20.9,17,18.23,16.76,16.31,17.19,17.19,16.61,15.56,15.43,14.91,15.21,17.18
Kepulauan Yapen,30,-,33,32.3,28.5,27.9,28.2,27.2,26.4,26,23.9,25.23,25.53,25.35,26.3,27.19,27.04,25.67,26.01,26.03,26.09,28.7
Biak Numfor,50.4,47.6,49.8,48.7,39.4,39.5,42.5,41,39.7,41,37.5,37.76,38.1,36.63,37.93,38.6,38.02,36.38,36.8,35.7,35.94,39.74
Sarmi,8.7,9.5,10.4,10.2,8.3,5.2,7.1,6.8,6.6,6.3,4.8,5.05,5.13,5.23,5.67,5.8,5.7,5.56,5.6,5.45,5.87,6.41
Keerom,9.8,11.5,11.7,11,11.5,11.5,11.8,11.4,11,12.1,10.2,8.46,9.26,9.14,9.4,9.55,9.42,9.3,9.27,9.32,9.52,10.79
Waropen,9.5,-,10.5,10.3,9.9,6.7,10,9.6,9.7,10.1,9.1,8.89,8.97,9.03,9.26,9.68,9.44,9.69,10.02,9.86,10.3,11.45
Supiori,-,-,7.1,6.9,6.1,6.2,7.3,7,7,7.1,6.4,7.2,6.99,7.09,7.76,7.97,7.78,7.83,7.94,7.94,8.25,9.47
Mamberamo Raya,-,-,-,-,-,8.8,7.4,7.1,6.9,6.8,6.2,6.31,6.42,6.63,6.94,6.96,6.98,7.04,7.68,7.56,7.89,9.32
Kota Jayapura,45.8,50.2,54.1,52.9,42.1,39.1,45.5,43.9,42.5,44.3,33.9,34.34,34.48,33.51,33.74,34.42,33.8,34.79,34.36,32.79,33.84,38.33
PAPUA SELATAN,-,-,-,-,-,-,-,-,-,-,-,-,-,-,-,-,-,-,-,-,92.2,105.53
Merauke,43.8,-,52.8,51.6,26.7,26.5,28.6,27.6,26.8,26,21.9,23.96,24.28,24.06,23.72,23.49,22.89,23.83,23.96,24.03,24.72,27.72
Boven Digoel,8.9,-,9.8,9.6,9.1,9.3,14.5,14,13.6,14.4,11.7,12.2,13.38,13.1,13.7,13.54,13.86,13.88,14.2,14.25,14.05,16.26
Mappi,19.6,21.4,23.5,23,24.4,24.4,27.2,26.2,25.4,26.8,23.5,24.6,24.82,24.31,25.21,26.1,26.91,26.36,26.76,26.82,27.18,30.5
Asmat,19.2,21,22,21.5,25.7,26,27.4,26.4,25.6,28.9,25.4,25.05,24.97,25.05,26.02,25.8,25.12,25.04,25.6,25.58,26.24,31.06
PAPUA TENGAH,-,-,-,-,-,-,-,-,-,-,-,-,-,-,-,-,-,-,-,-,308.48,302.31
Mimika,38.8,42.3,45.2,44.1,37.8,35.7,41.8,40.3,38.7,40.2,32.2,32.85,30.12,31.15,31.18,31.79,31.75,30.95,31.58,30.31,32.09,31.31
Dogiyai,-,-,-,-,-,25.5,28.3,27.3,26.5,28.9,26.5,26.68,29.15,28.75,29.32,30.37,28.31,28.38,29.32,29.32,30.42,29.96
Deiyai,-,-,-,-,-,-,32.1,31,30.1,31.8,30.4,31.53,31.72,31.33,31.5,31.87,30.98,30.83,31.04,30.18,30.85,29.84
Nabire,69,74.4,77.7,75.9,63.2,36.3,44.3,42.7,41.5,38,33.1,34.12,36.99,36.68,37.06,37.14,36.75,35.08,35.43,34.83,36.02,34.18
Paniai,54.6,59,62.3,60.9,56.3,57.9,65.7,63.4,61.5,64.9,58.8,61.34,65.18,63.38,64.46,65.54,65.98,62.57,62.97,61.14,64.34,63.26
Intan Jaya,-,-,-,-,-,-,18.6,17.9,17.4,18.4,17.2,18.84,20.53,20.29,20.8,21.1,20.46,21.31,21.86,21.16,22.25,21.37
Puncak,-,-,-,-,-,24,42,40.5,38.8,42.1,38.7,39.88,40.53,40.17,42.1,43.09,42.43,40.78,41.28,42.01,43.73,43.55
Puncak Jaya,55.8,60,63.7,-,57.7,34.4,45.2,43.6,41.6,44.8,41.2,43.06,44.27,44.16,45.51,45.89,46.07,46.39,47.61,47.5,48.78,48.85
PAPUA PEGUNUNGAN,-,-,-,-,-,-,-,-,-,-,-,-,-,-,-,-,-,-,-,-,365.44,337.32
Nduga,-,-,-,-,-,13.2,34.6,33.4,32.3,34.7,33.4,33.38,36.72,36.07,37.14,37.6,36.54,41.17,41.76,43.27,43.42,40.29
Jayawijaya,96.7,105.4,112.3,109.7,105.4,45.4,84.6,81.6,78.7,85,81.1,81.12,83,81.94,82.9,83.23,81.71,78.18,75.59,73.42,68.36,61.64
Lanny Jaya,-,-,-,-,-,27.4,71.7,69.2,67.2,71.6,67.2,72.13,72.13,69.78,71.08,70.6,68.62,76.75,76.46,76.43,72.1,68.04
Tolikara,19.7,-,21.6,21.1,21.1,21.9,47.9,46.2,44.8,47.8,42.8,45.72,45.33,44.47,45.54,45.65,44.88,48.16,47.13,48.4,48.73,45.62
Mamberamo Tengah,-,-,-,-,-,11.2,19,18.6,18,17.2,16.2,16.36,17.88,17.2,17.75,17.79,17.72,19.66,19.66,19.83,20.2,18.81
Yalimo,-,-,-,-,-,8.7,22.8,22,21.4,22.4,20.7,21.36,21.36,21.18,21.64,21.48,20.84,22.32,21.72,21.67,21.44,19.9
Yahukimo,61.9,66.7,71,69.4,72.7,74.5,77.4,74.7,72.4,76.1,69.9,74.37,74.54,73.27,74.02,73.92,71.76,73.62,71.61,72.14,68.32,62.42
Pegunungan Bintang,42,44.8,48,-,42,41.8,26.2,25.3,24.3,25.9,23.3,22.51,22.79,22.41,22.81,23.01,23.03,23.38,23.5,23.32,22.87,20.61
,,,,,,,,,,,,,,,,,,,,,,
Catatan,"<br /><br /><br />Tidak ada data Susenas Maret 2015 di Kabupaten Nduga, Provinsi Papua.Angka kemiskinan Kab Nduga tahun 2015 memakai angka tahun 2014<br /><br /><br /><br />",,,,,,,,,,,,,,,,,,,,,