38 Provinsi,Jumlah Penduduk Miskin (Ribu Jiwa) Menurut Provinsi dan Daerah,,,,,,,,,,,,,,,,,,,,,,,,,,,,,,,,,,,,,,,,,,,,,,,,,,,,,,,,,,,,,,,,,,,,,,,,,,,,,,,,,,,,,,,,,,,,,,,,,,,,,,,,,,,,,,,,,,,,,,,,,,,,,,,,,,,,,,,,,,,,,,,,,,,,,,,,,,,,,,,,,,,,,,,,,,,,,,,,,,,
,Perkotaan,,,,,,,,,,,,,,,,,,,,,,,,,,,,,,,,,,,,,,,,,,,,,,,,,,,,,,,,,,,,Perdesaan,,,,,,,,,,,,,,,,,,,,,,,,,,,,,,,,,,,,,,,,,,,,,,,,,,,,,,,,,,,,Jumlah,,,,,,,,,,,,,,,,,,,,,,,,,,,,,,,,,,,,,,,,,,,,,,,,,,,,,,,,,,,
,2007,,,2008,,,2009,,,2010,,,2011,,,2012,,,2013,,,2014,,,2015,,,2016,,,2017,,,2018,,,2019,,,2020,,,2021,,,2022,,,2023,,,2024,,,2025,,,2026,,,2007,,,2008,,,2009,,,2010,,,2011,,,2012,,,2013,,,2014,,,2015,,,2016,,,2017,,,2018,,,2019,,,2020,,,2021,,,2022,,,2023,,,2024,,,2025,,,2026,,,2007,,,2008,,,2009,,,2010,,,2011,,,2012,,,2013,,,2014,,,2015,,,2016,,,2017,,,2018,,,2019,,,2020,,,2021,,,2022,,,2023,,,2024,,,2025,,,2026,,
,Semester 1 (Maret),Semester 2 (September),Tahunan,Semester 1 (Maret),Semester 2 (September),Tahunan,Semester 1 (Maret),Semester 2 (September),Tahunan,Semester 1 (Maret),Semester 2 (September),Tahunan,Semester 1 (Maret),Semester 2 (September),Tahunan,Semester 1 (Maret),Semester 2 (September),Tahunan,Semester 1 (Maret),Semester 2 (September),Tahunan,Semester 1 (Maret),Semester 2 (September),Tahunan,Semester 1 (Maret),Semester 2 (September),Tahunan,Semester 1 (Maret),Semester 2 (September),Tahunan,Semester 1 (Maret),Semester 2 (September),Tahunan,Semester 1 (Maret),Semester 2 (September),Tahunan,Semester 1 (Maret),Semester 2 (September),Tahunan,Semester 1 (Maret),Semester 2 (September),Tahunan,Semester 1 (Maret),Semester 2 (September),Tahunan,Semester 1 (Maret),Semester 2 (September),Tahunan,Semester 1 (Maret),Semester 2 (September),Tahunan,Semester 1 (Maret),Semester 2 (September),Tahunan,Semester 1 (Maret),Semester 2 (September),Tahunan,Semester 1 (Maret),Semester 2 (September),Tahunan,Semester 1 (Maret),Semester 2 (September),Tahunan,Semester 1 (Maret),Semester 2 (September),Tahunan,Semester 1 (Maret),Semester 2 (September),Tahunan,Semester 1 (Maret),Semester 2 (September),Tahunan,Semester 1 (Maret),Semester 2 (September),Tahunan,Semester 1 (Maret),Semester 2 (September),Tahunan,Semester 1 (Maret),Semester 2 (September),Tahunan,Semester 1 (Maret),Semester 2 (September),Tahunan,Semester 1 (Maret),Semester 2 (September),Tahunan,Semester 1 (Maret),Semester 2 (September),Tahunan,Semester 1 (Maret),Semester 2 (September),Tahunan,Semester 1 (Maret),Semester 2 (September),Tahunan,Semester 1 (Maret),Semester 2 (September),Tahunan,Semester 1 (Maret),Semester 2 (September),Tahunan,Semester 1 (Maret),Semester 2 (September),Tahunan,Semester 1 (Maret),Semester 2 (September),Tahunan,Semester 1 (Maret),Semester 2 (September),Tahunan,Semester 1 (Maret),Semester 2 (September),Tahunan,Semester 1 (Maret),Semester 2 (September),Tahunan,Semester 1 (Maret),Semester 2 (September),Tahunan,Semester 1 (Maret),Semester 2 (September),Tahunan,Semester 1 (Maret),Semester 2 (September),Tahunan,Semester 1 (Maret),Semester 2 (September),Tahunan,Semester 1 (Maret),Semester 2 (September),Tahunan,Semester 1 (Maret),Semester 2 (September),Tahunan,Semester 1 (Maret),Semester 2 (September),Tahunan,Semester 1 (Maret),Semester 2 (September),Tahunan,Semester 1 (Maret),Semester 2 (September),Tahunan,Semester 1 (Maret),Semester 2 (September),Tahunan,Semester 1 (Maret),Semester 2 (September),Tahunan,Semester 1 (Maret),Semester 2 (September),Tahunan,Semester 1 (Maret),Semester 2 (September),Tahunan,Semester 1 (Maret),Semester 2 (September),Tahunan,Semester 1 (Maret),Semester 2 (September),Tahunan,Semester 1 (Maret),Semester 2 (September),Tahunan,Semester 1 (Maret),Semester 2 (September),Tahunan,Semester 1 (Maret),Semester 2 (September),Tahunan,Semester 1 (Maret),Semester 2 (September),Tahunan,Semester 1 (Maret),Semester 2 (September),Tahunan,Semester 1 (Maret),Semester 2 (September),Tahunan
ACEH,-,-,218.8,-,-,195.8,-,-,182.19,-,-,173.37,-,-,176.02,171.8,165.43,-,156.37,156.8,156.8,161.94,158.04,-,157.57,155.81,-,159.5,163.02,-,172.35,166.77,-,172.09,163.36,-,168.11,165.97,-,173.9,184.89,-,190.43,195.47,-,193.32,196.95,-,189.16,-,-,190.55,168.71,-,174.18,168.77,-,173.56,-,-,-,-,864.9,-,-,763.9,-,-,710.68,-,-,688.48,-,-,718.78,737.24,711.13,-,684.34,698.92,698.92,719.31,679.38,-,694.01,703.6,-,688.94,678.29,-,700.26,663.03,-,667.4,668.14,-,651.33,643.79,-,641.01,649.02,-,643.81,654.79,-,613.49,621.52,-,617.59,-,-,613.98,550.25,-,530.51,534.56,-,540.22,-,-,-,-,1083.7,-,-,959.7,-,-,892.86,-,-,861.85,-,-,894.81,909.04,876.56,-,840.71,855.71,855.72,881.26,837.42,-,851.59,859.41,-,848.44,841.31,-,872.61,829.8,-,839.49,831.5,-,819.44,809.76,-,814.91,833.91,-,834.24,850.26,-,806.82,818.47,-,806.75,-,-,804.53,718.96,-,704.69,703.33,-,713.78,-,-
SUMATERA UTARA,-,-,833.5,-,-,761.7,-,-,688.04,-,-,689,-,-,691.13,669.25,669.36,-,654.04,689.21,689.21,632.2,667.47,-,699.3,727.76,-,690.8,690.34,-,710.71,663.27,-,694.85,686.97,-,675.74,665.46,-,695.75,756.24,-,755.81,725.04,-,739.86,736.35,-,709.98,-,-,697.46,623.78,-,636.55,648.75,-,644.92,-,-,-,-,935,-,-,852.1,-,-,811.64,-,-,801.89,-,-,790.18,738,709.09,-,685.12,701.59,701.59,654.47,693.13,-,764.37,780.38,-,765.15,762.21,-,743.17,663.3,-,630.13,605.02,-,606.3,595.04,-,587.54,600.48,-,588.05,548.03,-,528.33,525.74,-,529.73,-,-,530.55,487.14,-,503.71,479.31,-,465.45,-,-,-,-,1768.5,-,-,1613.8,-,-,1499.68,-,-,1490.89,-,-,1481.31,1407.25,1378.45,-,1339.16,1390.8,1390.8,1286.67,1360.6,-,1463.67,1508.14,-,1455.95,1452.55,-,1453.87,1326.57,-,1324.98,1291.99,-,1282.04,1260.5,-,1283.29,1356.72,-,1343.86,1273.07,-,1268.19,1262.09,-,1239.71,-,-,1228.01,1110.92,-,1140.25,1128.06,-,1110.37,-,-
SUMATERA BARAT,-,-,149.2,-,-,127.3,-,-,115.78,-,-,106.18,-,-,140.49,127.81,124.25,-,119.53,124.89,124.89,108.08,108.53,-,118.03,118.48,-,118.96,119.51,-,113.01,114.59,-,114.84,125.58,-,121.35,120.58,-,128.12,141.31,-,145.58,134.53,-,137.61,140.33,-,133.79,-,-,139.12,125.69,-,119.45,115.18,-,118.68,-,-,-,-,380,-,-,349.9,-,-,313.48,-,-,323.84,-,-,301.59,276.93,273.6,-,287.94,255.74,255.74,271.12,246.21,-,261.57,231.05,-,252.59,257,-,251.5,245.41,-,242.29,227.66,-,226.87,222.51,-,216.11,223.47,-,225.09,205.39,-,197.6,203.49,-,206.57,-,-,206.62,189.75,-,192.9,197.12,-,192.46,-,-,-,-,529.2,-,-,477.2,-,-,429.25,-,-,430.02,-,-,442.09,404.74,397.86,-,407.47,380.63,380.63,379.2,354.74,-,379.61,349.53,-,371.56,376.51,-,364.51,359.99,-,357.13,353.24,-,348.22,343.09,-,344.23,364.79,-,370.67,339.93,-,335.21,343.82,-,340.37,-,-,345.73,315.43,-,312.35,312.3,-,311.14,-,-
RIAU,-,-,246.4,-,-,245.1,-,-,225.6,-,-,208.92,-,-,141.92,148.17,156.41,-,146.3,162.71,162.71,166.36,159.53,-,166.45,174.79,-,162.45,164.12,-,178.58,176.98,-,173.57,172.21,-,175.93,169.86,-,175.16,178.46,-,183.75,190.99,-,181.82,187.95,-,196.5,-,-,200.91,183.28,-,173.52,171.03,-,161.49,-,-,-,-,328.1,-,-,321.6,-,-,301.89,-,-,291.34,-,-,340.13,334.9,324.9,-,322.98,359.82,359.82,333.52,338.75,-,364.94,388.13,-,352.95,337.47,-,336.03,319.41,-,326.86,322.05,-,314.79,314.06,-,308.23,312.76,-,317.06,305.67,-,303.21,305.17,-,289.16,-,-,291.34,289.76,-,287.45,304.54,-,309.31,-,-,-,-,574.5,-,-,566.7,-,-,527.49,-,-,500.26,-,-,482.05,483.07,481.31,-,469.28,522.53,522.53,499.88,498.28,-,531.39,562.92,-,515.4,501.59,-,514.62,496.39,-,500.44,494.26,-,490.72,483.92,-,483.39,491.22,-,500.81,496.66,-,485.03,493.13,-,485.66,-,-,492.25,473.04,-,460.96,475.57,-,470.8,-,-
JAMBI,-,-,137.2,-,-,120.1,-,-,117.29,-,-,110.82,-,-,108.17,103.48,105.35,-,100,106.36,106.36,100.12,109.07,-,119.54,125.6,-,115.35,116.33,-,120.62,118.49,-,118.62,116.5,-,115.08,115.16,-,123.64,132.6,-,137.24,126.1,-,127.34,127.8,-,125.3,-,-,118.39,120.63,-,120.3,117.84,-,116.16,-,-,-,-,144.7,-,-,140.2,-,-,132.41,-,-,130.79,-,-,164.51,168.19,164.73,-,166.15,175.2,175.2,163.68,172.68,-,181.17,185.97,-,174.46,174.48,-,165.93,160.11,-,163.07,164.97,-,159.24,158.2,-,154.16,155.5,-,156.61,153.75,-,152.03,156.03,-,155.39,-,-,147.03,152.08,-,150.64,143.41,-,137.57,-,-,-,-,281.9,-,-,260.3,-,-,249.69,-,-,241.61,-,-,272.67,271.67,270.08,-,266.15,281.57,281.56,263.8,281.75,-,300.71,311.56,-,289.8,290.81,-,286.55,278.61,-,281.69,281.47,-,274.32,273.37,-,277.8,288.1,-,293.86,279.86,-,279.37,283.82,-,280.68,-,-,265.42,272.7,-,270.94,261.25,-,253.73,-,-
SUMATERA SELATAN,-,-,545.9,-,-,514.7,-,-,470.03,-,-,471.22,-,-,409.15,388.65,367.64,-,384.77,375.96,375.96,367.12,370.86,-,390.87,360.73,-,374.53,377.88,-,375.25,379.72,-,378.55,386.56,-,384.53,378.85,-,387.8,404.43,-,402.25,393.38,-,371.5,379.09,-,371.75,-,-,342.34,310.04,-,314.49,310.56,-,297.24,-,-,-,-,785.9,-,-,734.9,-,-,697.85,-,-,654.5,-,-,665.66,668.38,674.4,-,725.6,732.25,732.25,733.71,714.94,-,754.76,751.8,-,726.67,718.62,-,711.67,707.04,-,689.71,689.85,-,689.22,688.31,-,693.78,715.22,-,711.51,723.23,-,673.18,675.9,-,673.93,-,-,641.9,638.81,-,605.12,587.68,-,572.73,-,-,-,-,1331.8,-,-,1249.6,-,-,1167.87,-,-,1125.73,-,-,1074.81,1057.03,1042.04,-,1110.37,1108.21,1108.21,1100.83,1085.8,-,1145.63,1112.53,-,1101.19,1096.5,-,1086.92,1086.76,-,1068.27,1076.4,-,1073.74,1067.16,-,1081.58,1119.65,-,1113.76,1116.61,-,1044.69,1054.99,-,1045.68,-,-,984.24,948.84,-,919.6,898.24,-,869.97,-,-
BENGKULU,-,-,135.6,-,-,131.8,-,-,117.6,-,-,117.21,-,-,95.28,93.67,92.67,-,91.91,97.66,97.66,104.54,99.59,-,103.13,106,-,97.34,98.07,-,100.84,97.15,-,97.47,96.74,-,96.52,93.52,-,98.55,99.4,-,100.46,98.83,-,100.69,99.08,-,97.66,-,-,94.67,86.71,-,87.39,94.51,-,91.49,-,-,-,-,235,-,-,220.2,-,-,206.53,-,-,207.72,-,-,208.33,218,217.8,-,235.44,222.75,222.75,216.41,216.91,-,230.94,216.83,-,231.27,227.53,-,216.14,205.47,-,204.34,206.8,-,205.78,204.49,-,204.03,206.6,-,205.54,192.97,-,196.54,193.85,-,190.8,-,-,186.69,174.44,-,165.58,155.69,-,158.62,-,-,-,-,370.6,-,-,352,-,-,324.13,-,-,324.93,-,-,303.6,311.66,310.47,-,327.35,320.41,320.41,320.95,316.5,-,334.07,322.83,-,328.61,325.6,-,316.98,302.62,-,301.81,303.55,-,302.3,298,-,302.58,306,-,306,291.79,-,297.23,292.93,-,288.46,-,-,281.36,261.15,-,252.97,250.19,-,250.11,-,-
LAMPUNG,-,-,366,-,-,365.6,-,-,349.31,-,-,301.73,-,-,241.94,239.07,237.94,-,233.01,222.75,222.75,230.63,224.21,-,233.27,197.94,-,233.39,227.44,-,228.32,211.97,-,228.82,230.2,-,231.86,224.69,-,237.1,259.28,-,254.6,236.48,-,234.78,239.11,-,232.96,-,-,244.04,239.51,-,229.16,229.09,-,228.54,-,-,-,-,1295.7,-,-,1226,-,-,1208.97,-,-,1178.2,-,-,1056.77,1014.77,981.06,-,930.05,911.53,911.53,912.28,919.73,-,930.22,902.74,-,936.21,912.34,-,903.41,871.77,-,868.22,861.4,-,831.8,816.79,-,812.22,831.86,-,829.33,770.54,-,767.63,756.48,-,737.71,-,-,697.19,699.8,-,657.85,631.04,-,603.35,-,-,-,-,1661.7,-,-,1591.6,-,-,1558.28,-,-,1479.93,-,-,1298.71,1253.83,1218.99,-,1163.06,1134.28,1134.28,1142.92,1143.93,-,1163.49,1100.68,-,1169.6,1139.78,-,1131.73,1083.74,-,1097.05,1091.6,-,1063.66,1041.48,-,1049.32,1091.14,-,1083.93,1007.02,-,1002.41,995.59,-,970.67,-,-,941.23,939.3,-,887.02,860.13,-,831.89,-,-
KEP. BANGKA BELITUNG,-,-,38.6,-,-,36.5,-,-,28.78,-,-,21.85,-,-,25.32,25.13,24.01,-,22.73,23.07,23.07,22.33,20.27,-,20.13,18.83,-,19.63,19.37,-,21.47,23.04,-,24.09,22.22,-,23.31,24.62,-,25.53,28.38,-,29.84,27.28,-,26.48,30.21,-,31.09,-,-,30.4,37.09,-,35.68,33.31,-,33.09,-,-,-,-,56.5,-,-,50.2,-,-,47.85,-,-,45.9,-,-,46.74,46.23,46.2,-,46.49,47.83,47.83,49.31,46.96,-,53.96,47.79,-,53.13,51.7,-,52.61,53.16,-,52.18,47.71,-,45.07,42.75,-,42.87,43.67,-,42.87,42.43,-,40.3,39.48,-,37.6,-,-,39.55,41.49,-,42.03,41.35,-,41.53,-,-,-,-,95.1,-,-,86.7,-,-,76.63,-,-,67.75,-,-,72.06,71.36,70.21,-,69.22,70.9,70.9,71.64,67.23,-,74.09,66.62,-,72.76,71.07,-,74.09,76.2,-,76.26,69.93,-,68.38,67.37,-,68.39,72.05,-,72.71,69.7,-,66.78,69.69,-,68.69,-,-,69.95,78.58,-,77.71,74.65,-,74.61,-,-
KEP. RIAU,-,-,76.8,-,-,69.2,-,-,62.58,-,-,67.08,-,-,106.35,108.53,106.58,-,99.67,95.34,95.34,97.38,91.27,-,89.48,83.09,-,87.78,86.19,-,91.49,96.77,-,99.2,98.46,-,104.21,104.23,-,108.86,121.82,-,124.9,119.31,-,122.6,119.52,-,111.9,-,-,112.28,102.23,-,101.34,94.77,-,91.68,-,-,-,-,71.6,-,-,67.1,-,-,65.63,-,-,62.59,-,-,23.21,22.7,24.64,-,26.99,29.68,29.68,30.42,32.9,-,32.92,31.75,-,32.63,32.95,-,33.88,31.66,-,32.48,26.9,-,24.25,23.52,-,23.11,20.79,-,19.57,18.44,-,29.08,29.37,-,30.6,-,-,26.03,22.72,-,15.94,19.79,-,19.54,-,-,-,-,148.4,-,-,136.4,-,-,128.21,-,-,129.66,-,-,129.56,131.22,131.22,-,126.66,125.02,125.02,127.8,124.17,-,122.4,114.83,-,120.41,119.14,-,125.37,128.43,-,131.68,125.36,-,128.46,127.76,-,131.97,142.61,-,144.46,137.75,-,151.68,148.89,-,142.5,-,-,138.3,124.96,-,117.28,114.55,-,111.22,-,-
DKI JAKARTA,-,-,405.7,-,-,379.6,-,-,323.17,-,-,312.18,-,-,363.42,363.2,366.77,-,354.19,375.7,375.7,393.98,412.79,-,398.92,368.67,-,384.3,385.84,-,389.69,393.13,-,373.12,372.26,-,365.55,362.3,-,480.86,496.84,-,501.92,498.29,-,502.04,494.93,-,477.83,-,-,464.93,449.07,-,464.87,439.12,-,432.62,-,-,-,-,-,-,-,-,-,-,-,-,-,-,-,-,0,-,-,-,0,-,-,-,-,-,-,0,-,0,0,-,-,-,-,-,-,-,-,-,-,-,-,-,-,-,-,-,-,-,-,-,-,-,-,-,-,-,-,-,-,-,-,-,405.7,-,-,379.6,-,-,323.17,-,-,312.18,-,-,363.42,363.2,366.77,-,354.19,375.7,375.7,393.98,412.79,-,398.92,368.67,-,384.3,385.84,-,389.69,393.13,-,373.12,372.26,-,365.55,362.3,-,480.86,496.84,-,501.92,498.29,-,502.04,494.93,-,477.83,-,-,464.93,449.07,-,464.87,439.12,-,432.62,-,-
JAWA BARAT,-,-,2654.6,-,-,2617.4,-,-,2531.37,-,-,2350.53,-,-,2654.69,2576.1,2560.02,-,2501,2626.16,2626.16,2578.36,2554.06,-,2638.38,2706.52,-,2497.59,2543.3,-,2588.62,2391.23,-,2327.87,2336.32,-,2268.75,2265.75,-,2725.91,3004.95,-,3051.05,2951.07,-,3010.36,3019.4,-,2914.24,-,-,2921.52,2780.46,-,2846.48,2826.25,-,2701.64,-,-,-,-,2803.3,-,-,2705,-,-,2452.2,-,-,2423.19,-,-,1993.93,1901.43,1861.46,-,1796.04,1756.49,1756.49,1748.71,1684.9,-,1797.32,1779.13,-,1726.73,1624.81,-,1579.82,1383.18,-,1287.92,1203.08,-,1130.41,1110.15,-,1194.33,1183.57,-,1144.29,1053.79,-,1060.63,1034.22,-,974.36,-,-,927.15,887.89,-,808.26,724.46,-,734.84,-,-,-,-,5457.9,-,-,5322.4,-,-,4983.57,-,-,4773.72,-,-,4648.63,4477.53,4421.48,-,4297.04,4382.65,4382.65,4327.07,4238.96,-,4435.7,4485.65,-,4224.33,4168.11,-,4168.44,3774.41,-,3615.79,3539.4,-,3399.16,3375.89,-,3920.23,4188.52,-,4195.34,4004.86,-,4070.98,4053.62,-,3888.6,-,-,3848.67,3668.35,-,3654.74,3550.71,-,3436.48,-,-
JAWA TENGAH,-,-,2687.3,-,-,2556.5,-,-,2420.94,-,-,2258.94,-,-,2092.51,2001.12,1946.51,-,1911.21,1870.73,1870.73,1945.29,1771.53,-,1837.19,1789.57,-,1824.08,1879.55,-,1889.09,1815.58,-,1716.16,1709.56,-,1633.96,1602.26,-,1805.65,1890.49,-,1908.33,1847.09,-,1818.25,1852.17,-,1821.66,-,-,1835.51,1683.75,-,1746.72,1740.48,-,1672.3,-,-,-,-,3869.9,-,-,3633.1,-,-,3304.75,-,-,3110.22,-,-,3014.85,2976.25,2916.9,-,2821.74,2834.14,2834.14,2891.16,2790.29,-,2739.85,2716.21,-,2682.81,2614.2,-,2561.63,2381.92,-,2181.04,2157.86,-,2109.26,2077.15,-,2175.25,2229.44,-,2201.43,2086.92,-,2013.2,2006.06,-,1969.84,-,-,1868.82,1712.59,-,1619.97,1604.34,-,1613.14,-,-,-,-,6557.2,-,-,6189.6,-,-,5725.69,-,-,5369.16,-,-,5107.36,4977.36,4863.41,-,4732.95,4704.87,4704.87,4836.45,4561.82,-,4577.04,4505.78,-,4506.89,4493.75,-,4450.72,4197.49,-,3897.2,3867.42,-,3743.23,3679.4,-,3980.9,4119.93,-,4109.75,3934.01,-,3831.44,3858.23,-,3791.5,-,-,3704.33,3396.34,-,3366.69,3344.82,-,3285.43,-,-
DI YOGYAKARTA,-,-,335.3,-,-,324.2,-,-,311.47,-,-,308.36,-,-,304.34,305.89,306.51,-,315.47,325.53,325.53,333.03,324.43,-,329.65,292.64,-,297.71,301.25,-,309.03,298.39,-,305.24,298.47,-,304.66,298.74,-,326.13,353.21,-,358.66,331.71,-,315.46,321.07,-,312.83,-,-,319.4,316.81,-,321.04,319.12,-,307.3,-,-,-,-,298.2,-,-,292.1,-,-,274.31,-,-,268.94,-,-,256.55,259.44,255.6,-,234.73,209.66,209.66,211.84,208.15,-,220.57,192.91,-,197.23,187.58,-,179.51,167.94,-,154.86,151.78,-,143.81,142.15,-,149.59,149.93,-,147.8,142.78,-,139.3,142.57,-,135.63,-,-,126.15,113.66,-,104.77,103.67,-,101.57,-,-,-,-,633.5,-,-,616.3,-,-,585.78,-,-,577.3,-,-,560.88,565.32,562.11,-,550.2,535.18,535.19,544.87,532.59,-,550.23,485.56,-,494.94,488.83,-,488.53,466.33,-,460.1,450.25,-,448.47,440.89,-,475.72,503.14,-,506.45,474.49,-,454.76,463.63,-,448.47,-,-,445.55,430.47,-,425.82,422.79,-,408.87,-,-
JAWA TIMUR,-,-,2575.7,-,-,2310.6,-,-,2148.51,-,-,1873.55,-,-,1768.23,1630.63,1605.96,-,1550.46,1622.03,1622.03,1535.81,1531.89,-,1524.62,1571.15,-,1518.79,1552.77,-,1574.12,1455.45,-,1457.61,1458.09,-,1449.27,1438.15,-,1682.14,1820.13,-,1840.21,1768.91,-,1721.46,1752.5,-,1703.74,-,-,1642.69,1589.12,-,1641.18,1637.78,-,1584.81,-,-,-,-,4579.6,-,-,4340.6,-,-,3874.07,-,-,3655.76,-,-,3587.98,3440.35,3354.58,-,3220.8,3243.79,3243.79,3250.98,3216.53,-,3264.5,3204.82,-,3184.51,3085.76,-,3042.89,2949.82,-,2874.97,2834.05,-,2662.98,2617.85,-,2736.97,2765.84,-,2732.51,2490.69,-,2459.83,2484.01,-,2485.07,-,-,2339.99,2304.7,-,2234.7,2166.5,-,2127.42,-,-,-,-,7155.3,-,-,6651.3,-,-,6022.59,-,-,5529.3,-,-,5356.21,5070.98,4960.54,-,4771.26,4865.82,4865.82,4786.79,4748.42,-,4789.12,4775.97,-,4703.3,4638.53,-,4617.01,4405.27,-,4332.59,4292.15,-,4112.25,4056,-,4419.1,4585.97,-,4572.73,4259.6,-,4181.29,4236.51,-,4188.81,-,-,3982.69,3893.82,-,3875.88,3804.29,-,3712.23,-,-
BANTEN,-,-,399.4,-,-,371,-,-,348.74,-,-,318.29,-,-,335.53,333,333.45,-,363.8,414.46,414.46,375.69,381.18,-,408.53,418.95,-,377.1,380.16,-,391.03,415.67,-,393.8,382.13,-,378.73,371.28,-,472.84,540.15,-,552.96,576.62,-,566.49,586.21,-,623.19,-,-,615.07,606.52,-,627.88,615.02,-,606.11,-,-,-,-,486.8,-,-,445.7,-,-,439.33,-,-,439.87,-,-,354.96,319.8,314.8,-,292.45,268.25,268.25,247.14,268.01,-,293.87,271.71,-,281.01,277.58,-,284,284.16,-,267.55,286.6,-,275.73,270.13,-,303.14,317.49,-,314.27,275.66,-,247.54,243.45,-,202.93,-,-,176.54,170.98,-,144.9,145.84,-,140.63,-,-,-,-,886.2,-,-,816.7,-,-,788.07,-,-,758.16,-,-,690.49,652.8,648.25,-,656.25,682.71,682.71,622.84,649.19,-,702.4,690.67,-,658.11,657.74,-,675.04,699.83,-,661.36,668.74,-,654.46,641.42,-,775.99,857.64,-,867.23,852.28,-,814.02,829.66,-,826.13,-,-,791.61,777.49,-,772.78,760.85,-,746.73,-,-
BALI,-,-,119.8,-,-,115.1,-,-,92.06,-,-,83.62,-,-,92.95,91.43,93.25,-,96.35,105.14,105.14,99.9,109.2,-,109.8,115.8,-,96.98,93.74,-,96.89,96.07,-,94.03,98.45,-,97.98,91.12,-,100.38,125.48,-,129.58,137.6,-,136.06,133.82,-,123.82,-,-,119.31,112.93,-,112.17,106.07,-,107.26,-,-,-,-,109.3,-,-,100.7,-,-,89.66,-,-,91.31,-,-,73.28,77.34,67.71,-,66.17,81.38,81.38,85.3,86.75,-,86.92,102.99,-,81.2,81.2,-,83.23,80.4,-,77.73,69.89,-,65.87,65.79,-,64.82,71.44,-,72.39,73.86,-,69.62,71.55,-,69.96,-,-,65.12,63.29,-,61.07,54.02,-,54.75,-,-,-,-,229.1,-,-,215.7,-,-,181.72,-,-,174.93,-,-,166.23,168.78,160.95,-,162.52,186.53,186.52,185.2,195.95,-,196.71,218.79,-,178.18,174.94,-,180.13,176.48,-,171.76,168.34,-,163.85,156.91,-,165.19,196.92,-,201.97,211.46,-,205.68,205.36,-,193.78,-,-,184.43,176.21,-,173.24,160.09,-,162.01,-,-
NUSA TENGGARA BARAT,-,-,570.9,-,-,560.4,-,-,557.54,-,-,552.62,-,-,448.14,433.34,415.38,-,391.4,364.08,364.08,370.18,385.31,-,391.88,377.28,-,385.22,378.83,-,387.04,368.55,-,370.38,375.12,-,384.65,365.05,-,368.43,389.6,-,391.89,387.67,-,381.84,384.03,-,383.53,-,-,368.54,338.74,-,353.68,349.94,-,340.43,-,-,-,-,547.7,-,-,520.2,-,-,493.41,-,-,456.74,-,-,446.63,419.31,412.94,-,439.45,438.37,438.37,450.64,431.31,-,432.01,425.01,-,419.23,407.75,-,406.73,379.57,-,367.08,360.5,-,351.31,340.63,-,345.45,356.44,-,354.77,347.64,-,350.09,360.66,-,367.7,-,-,340.47,319.86,-,300.89,287.24,-,288.06,-,-,-,-,1118.6,-,-,1080.6,-,-,1050.95,-,-,1009.35,-,-,894.77,852.64,828.33,-,830.85,802.45,802.45,820.82,816.62,-,823.89,802.29,-,804.44,786.58,-,793.78,748.12,-,737.46,735.62,-,735.96,705.68,-,713.89,746.04,-,746.66,735.3,-,731.94,744.69,-,751.23,-,-,709.01,658.6,-,654.57,637.18,-,628.5,-,-
NUSA TENGGARA TIMUR,-,-,124.9,-,-,119.3,-,-,109.41,-,-,107.38,-,-,117.04,115.46,117.39,-,113.57,98.05,98.05,100.34,105.7,-,116.16,97.06,-,112.02,112.48,-,117.4,119.04,-,121.95,114.06,-,114.12,108.62,-,113.39,118.88,-,118.76,120.58,-,126.8,131.36,-,135.57,-,-,131.61,126.91,-,121.85,112.54,-,109.82,-,-,-,-,1038.7,-,-,979.1,-,-,903.74,-,-,906.71,-,-,895.87,897.06,882.91,-,879.99,911.1,911.1,894.33,886.18,-,1043.68,1063.47,-,1037.9,1037.6,-,1033.39,1015.7,-,1020.21,1020.05,-,1032.2,1020.84,-,1040.37,1054.65,-,1050.55,1025.7,-,1004.83,1017.81,-,1005.55,-,-,995.96,981.02,-,966.93,919.15,-,927.83,-,-,-,-,1163.6,-,-,1098.3,-,-,1013.15,-,-,1014.09,-,-,1012.9,1012.52,1000.29,-,993.56,1009.15,1009.15,994.67,991.88,-,1159.84,1160.53,-,1149.92,1150.08,-,1150.79,1134.74,-,1142.17,1134.11,-,1146.32,1129.46,-,1153.76,1173.53,-,1169.31,1146.28,-,1131.62,1149.17,-,1141.11,-,-,1127.57,1107.94,-,1088.78,1031.69,-,1037.64,-,-
KALIMANTAN BARAT,-,-,144.1,-,-,127.5,-,-,93.98,-,-,83.43,-,-,84.47,80.39,74.23,-,71.75,77.77,77.77,82.05,78.53,-,82.05,88.15,-,78.29,75.98,-,76.16,83.89,-,84.52,79.36,-,81.64,82.28,-,84.36,89.11,-,86.9,89.04,-,85.04,89.81,-,87.39,-,-,85.94,94.82,-,92.9,90.28,-,91.83,-,-,-,-,440.2,-,-,381.3,-,-,340.79,-,-,345.32,-,-,295.64,282.92,281.47,-,297.26,316.4,316.4,319.46,303.38,-,301.65,317.36,-,303.06,314.34,-,311.27,304.92,-,302.56,290.37,-,296.77,288.19,-,282.41,281.61,-,280.99,264.96,-,265.21,266.69,-,265.96,-,-,250.14,239.17,-,238.05,232.27,-,221.54,-,-,-,-,584.3,-,-,508.8,-,-,434.77,-,-,428.76,-,-,380.11,363.31,355.7,-,369.01,394.17,394.17,401.51,381.92,-,383.7,405.51,-,381.35,390.32,-,387.43,388.81,-,387.08,369.73,-,378.41,370.47,-,366.77,370.71,-,367.89,354,-,350.25,356.51,-,353.35,-,-,336.08,333.99,-,330.95,322.54,-,313.37,-,-
KALIMANTAN TENGAH,-,-,51.2,-,-,45.3,-,-,35.78,-,-,33.23,-,-,29.36,32.39,32.31,-,33.23,45.76,45.76,40.78,39.45,-,41.32,48.72,-,41.07,40.61,-,42.84,48.34,-,47.98,48.13,-,48.56,47,-,51.28,54.34,-,54.46,57.86,-,59.84,59.93,-,57.1,-,-,60.17,65.34,-,69.13,62.26,-,63.3,-,-,-,-,159.1,-,-,154.6,-,-,130.08,-,-,130.99,-,-,117.54,115.66,109.59,-,103.72,99.6,99.6,105.55,109.37,-,106.38,99.41,-,102.42,96.85,-,96.32,89.55,-,88.95,88.32,-,86.04,84.24,-,81.66,87.45,-,85.58,83.17,-,85.26,84.6,-,85.06,-,-,85.46,83.9,-,78.67,79.5,-,83.41,-,-,-,-,210.3,-,-,200,-,-,165.85,-,-,164.22,-,-,146.91,148.05,141.9,-,136.95,145.36,145.36,146.32,148.82,-,147.7,148.13,-,143.49,137.46,-,139.16,137.88,-,136.93,136.45,-,134.59,131.24,-,132.94,141.78,-,140.04,141.03,-,145.1,144.52,-,142.17,-,-,145.63,149.24,-,147.8,141.75,-,146.71,-,-
KALIMANTAN SELATAN,-,-,83.1,-,-,81.1,-,-,68.76,-,-,65.76,-,-,59.47,58.17,56.54,-,52.05,60.97,60.97,62.51,61.21,-,65.96,72.48,-,60.83,60.9,-,62.6,66.21,-,68.7,70.68,-,70.52,69.86,-,73.09,78.84,-,81.12,80.35,-,77.77,87,-,83.99,-,-,80.92,81.22,-,78.47,67.37,-,65.71,-,-,-,-,150.4,-,-,137.8,-,-,107.21,-,-,116.2,-,-,135.15,131.7,132.68,-,129.69,122.31,122.31,120.37,128.28,-,132.48,116.68,-,134.87,123.26,-,131.32,128.35,-,120.33,124.33,-,121.97,120.43,-,114.78,128.08,-,126.99,117.41,-,117.93,114.95,-,104.93,-,-,102.39,98.98,-,94.25,101.44,-,99.7,-,-,-,-,233.5,-,-,218.9,-,-,175.98,-,-,181.96,-,-,194.62,189.88,189.21,-,181.74,183.27,183.28,182.88,189.5,-,198.44,189.16,-,195.7,184.16,-,193.92,194.56,-,189.03,195.01,-,192.48,190.29,-,187.87,206.92,-,208.11,197.76,-,195.7,201.95,-,188.93,-,-,183.31,180.2,-,172.72,168.81,-,165.41,-,-
KALIMANTAN TIMUR,-,-,136.1,-,-,110.4,-,-,77.06,-,-,79.24,-,-,92.14,95.2,91.52,-,90.42,98.88,98.88,97.89,98.48,-,86.82,80.82,-,88.04,89.64,-,94.05,102.39,-,100.45,108.34,-,107.67,108.16,-,113.27,128.11,-,127.28,121.28,-,123.59,128.98,-,122.43,-,-,118.44,118.19,-,112.08,116.95,-,113.41,-,-,-,-,188.7,-,-,176.1,-,-,162.16,-,-,163.76,-,-,155.77,158.13,154.59,-,147.54,157.03,157.03,155.71,154.2,-,126.06,129.16,-,124.88,121.6,-,126.12,116.28,-,118.44,114.05,-,112.25,112.75,-,116.99,115.88,-,114.48,111.85,-,112.66,113.32,-,108.64,-,-,102.9,93.69,-,87.63,85.09,-,87.23,-,-,-,-,324.8,-,-,286.4,-,-,239.22,-,-,243,-,-,247.9,253.34,246.11,-,237.96,255.91,255.91,253.6,252.68,-,212.89,209.99,-,212.92,211.24,-,220.17,218.67,-,218.9,222.39,-,219.92,220.91,-,230.26,243.99,-,241.77,233.13,-,236.25,242.3,-,231.07,-,-,221.34,211.88,-,199.71,202.04,-,200.64,-,-
KALIMANTAN UTARA,-,-,-,-,-,-,-,-,-,-,-,-,-,-,-,-,-,-,-,-,-,-,-,-,13.05,13.32,-,14.21,17.25,-,18.02,21.81,-,22.54,22.6,-,22.88,22.06,-,23.35,25.16,-,25.96,23.88,-,26.55,26.38,-,24.75,-,-,23.18,25.06,-,25.56,29.73,-,27.75,-,-,-,-,-,-,-,-,-,-,-,-,-,-,-,-,-,-,-,-,-,-,-,-,-,-,26.64,27.61,-,26.91,29.78,-,31.45,26.75,-,27.81,26.99,-,25.9,26.55,-,28.43,27.54,-,26.91,25.61,-,22.91,24.2,-,23.22,-,-,24.65,16.05,-,17.01,12.73,-,12.8,-,-,-,-,-,-,-,-,-,-,-,-,-,-,-,-,-,-,-,-,-,-,-,-,-,-,39.69,40.93,-,41.12,47.03,-,49.47,48.56,-,50.35,49.59,-,48.78,48.61,-,51.79,52.7,-,52.86,49.49,-,49.46,50.58,-,47.97,-,-,47.83,41.11,-,42.57,42.45,-,40.54,-,-
SULAWESI UTARA,-,-,79,-,-,72.7,-,-,79.25,-,-,76.38,-,-,77.25,74.38,66.81,-,63.81,65.06,65.06,59.18,60.08,-,60.71,58,-,60.62,59.73,-,59.82,59.95,-,63.88,62.11,-,65.49,64.9,-,68.8,71.66,-,73.17,70.14,-,70.42,70.9,-,69.03,-,-,67.89,59.45,-,62.62,58.28,-,57.05,-,-,-,-,171.1,-,-,150.9,-,-,140.31,-,-,130.35,-,-,117.65,114.74,110.72,-,120.59,135.1,135.1,149.05,137.48,-,147.83,159.14,-,142.2,140.62,-,139.05,134.9,-,129.43,126.93,-,126.2,123.7,-,123.57,124.19,-,123.17,116.41,-,114.72,116.43,-,119.97,-,-,118.97,113.85,-,111.22,113.86,-,107.73,-,-,-,-,250.1,-,-,223.5,-,-,219.57,-,-,206.72,-,-,194.9,189.12,177.54,-,184.4,200.16,200.16,208.23,197.56,-,208.54,217.15,-,202.82,200.35,-,198.88,194.85,-,193.31,189.05,-,191.7,188.6,-,192.37,195.85,-,196.35,186.55,-,185.14,187.33,-,189,-,-,186.85,173.3,-,173.84,172.13,-,164.78,-,-
SULAWESI TENGAH,-,-,67.1,-,-,60.9,-,-,54.67,-,-,54.22,-,-,61.9,61.17,60.2,-,59.79,64.32,64.32,67.08,71.65,-,77.97,79.25,-,75.45,75.9,-,77.98,81.56,-,85.03,83.84,-,84.74,81.46,-,80.73,87.43,-,88.31,86.67,-,90.26,92.93,-,92.11,-,-,91.92,79.85,-,76.92,71.84,-,75.22,-,-,-,-,490.3,-,-,463.8,-,-,435.17,-,-,420.77,-,-,361.74,357.47,349.4,-,345.63,335.78,335.78,325.57,315.41,-,343.66,327.09,-,345.07,337.25,-,339.88,341.72,-,335.18,329.65,-,325.62,322.57,-,318,316.31,-,316.14,294.54,-,298.09,296.77,-,303.55,-,-,287.84,278.48,-,279.27,273.53,-,269.83,-,-,-,-,557.4,-,-,524.7,-,-,489.84,-,-,474.99,-,-,423.63,418.64,409.6,-,405.42,400.09,400.1,392.65,387.06,-,421.62,406.34,-,420.52,413.15,-,417.87,423.27,-,420.21,413.49,-,410.36,404.03,-,398.73,403.74,-,404.44,381.21,-,388.35,389.71,-,395.66,-,-,379.76,358.33,-,356.19,345.38,-,345.06,-,-
SULAWESI SELATAN,-,-,152.8,-,-,150.8,-,-,124.5,-,-,119.18,-,-,137.02,129.2,133.62,-,147.97,160.53,160.53,162.49,154.4,-,146.42,157.18,-,149.13,150.6,-,153.56,166.5,-,167.93,168.7,-,170.1,162.39,-,173.8,195.08,-,191.5,198.84,-,208.53,207.81,-,211.48,-,-,219.65,228.59,-,227.84,232.01,-,210.43,-,-,-,-,930.6,-,-,880.9,-,-,839.06,-,-,794.25,-,-,695.89,696.6,672.29,-,639.69,696.91,696.91,701.81,651.95,-,651.3,707.34,-,657.9,646.21,-,659.51,659.47,-,624.7,610.94,-,597.69,597.19,-,603.03,605.16,-,593.48,566.62,-,568.91,574.51,-,577.37,-,-,516.83,483.17,-,470.29,453.13,-,459.2,-,-,-,-,1083.4,-,-,1031.7,-,-,963.57,-,-,913.43,-,-,832.91,825.79,805.92,-,787.66,857.45,857.44,864.3,806.35,-,797.72,864.51,-,807.03,796.81,-,813.07,825.97,-,792.63,779.64,-,767.8,759.58,-,776.83,800.24,-,784.98,765.46,-,777.44,782.32,-,788.85,-,-,736.48,711.77,-,698.13,685.14,-,669.63,-,-
SULAWESI TENGGARA,-,-,31.3,-,-,27.2,-,-,26.19,-,-,22.18,-,-,29.84,31.56,29.56,-,31.72,36.71,36.71,48.25,45.79,-,52.06,56.77,-,51.01,53.18,-,62.75,67.96,-,66.41,70.05,-,71.82,72.58,-,76.93,73.22,-,75.05,71.02,-,69.94,73.71,-,79.89,-,-,82.61,75.77,-,71.53,81.03,-,76.09,-,-,-,-,434.1,-,-,408.7,-,-,408.15,-,-,378.52,-,-,300.17,284.77,274.7,-,269.99,290,290,294.01,268.3,-,269.82,288.25,-,275.86,274.11,-,268.96,245.19,-,240.69,231.8,-,230.76,227.38,-,224.89,244.1,-,243.65,252.25,-,239.85,241.04,-,241.64,-,-,237.1,229.5,-,232.9,214.27,-,217.38,-,-,-,-,465.4,-,-,435.9,-,-,434.34,-,-,400.7,-,-,330,316.33,304.25,-,301.71,326.71,326.71,342.25,314.09,-,321.88,345.02,-,326.86,327.29,-,331.71,313.16,-,307.1,301.85,-,302.58,299.97,-,301.82,317.32,-,318.7,323.26,-,309.79,314.74,-,321.53,-,-,319.71,305.27,-,304.43,295.31,-,293.47,-,-
GORONTALO,-,-,30.7,-,-,27.5,-,-,22.19,-,-,17.84,-,-,19.29,16.55,17.84,-,17.84,22.84,22.84,25.21,23.88,-,25.36,27.01,-,24.08,24.02,-,23.87,21.23,-,24.06,21.89,-,21.27,20.33,-,20.35,21.55,-,22.09,21.51,-,21.01,24.4,-,24.12,-,-,25.46,28.49,-,27.01,25.88,-,25.2,-,-,-,-,211.2,-,-,194.1,-,-,202.43,-,-,192.05,-,-,178.98,170.35,169.89,-,174.75,178.13,178.13,168.96,171.22,-,181.48,179.51,-,179.11,179.67,-,181.5,179.68,-,174.45,166.41,-,164.76,164.38,-,164.67,163.76,-,164.19,163.09,-,164.43,162.95,-,159.6,-,-,152.53,141.54,-,135.73,129.88,-,125.4,-,-,-,-,241.9,-,-,221.6,-,-,224.62,-,-,209.89,-,-,198.27,186.91,187.73,-,192.59,200.97,200.97,194.17,195.1,-,206.84,206.51,-,203.19,203.69,-,205.37,200.91,-,198.51,188.3,-,186.03,184.71,-,185.02,185.31,-,186.29,184.6,-,185.44,187.35,-,183.71,-,-,177.99,170.03,-,162.74,155.76,-,150.6,-,-
SULAWESI BARAT,-,-,55.1,-,-,48.3,-,-,43.51,-,-,33.73,-,-,29.68,28.18,29.06,-,27.14,24.59,24.59,26.31,29.87,-,27.39,22.51,-,22.85,25.07,-,23.5,30.02,-,30.76,31.45,-,31.28,30.82,-,31.67,28.13,-,27.82,27.72,-,27.99,26.9,-,26.33,-,-,27.24,24.55,-,24.71,23.86,-,24.64,-,-,-,-,134.8,-,-,122.8,-,-,114.72,-,-,107.61,-,-,135.19,132.27,131.49,-,126.86,129.61,129.61,127.58,124.82,-,133.09,130.69,-,129.88,121.83,-,126.26,119.45,-,121.02,121.38,-,120.12,121.05,-,120.34,130.91,-,129.37,138.27,-,137.73,142.36,-,137.81,-,-,134.95,131.36,-,127.6,126.02,-,123.42,-,-,-,-,189.9,-,-,171.1,-,-,158.23,-,-,141.33,-,-,164.86,160.46,160.55,-,154,154.2,154.2,153.89,154.69,-,160.48,153.21,-,152.73,146.9,-,149.76,149.47,-,151.78,152.83,-,151.4,151.87,-,152.02,159.05,-,157.19,165.99,-,165.72,169.26,-,164.14,-,-,162.19,155.91,-,152.31,149.88,-,148.06,-,-
MALUKU,-,-,49.1,-,-,44.7,-,-,38.77,-,-,36.35,-,-,59.6,58.47,51.1,-,48.75,51.11,51.11,49.83,47.58,-,51.77,51.6,-,52.08,54.24,-,51.24,47.83,-,45.89,46.92,-,45.6,48.15,-,49.89,49.87,-,49.78,49.02,-,45.12,48.08,-,43.33,-,-,41.47,38.83,-,37.16,41.13,-,34.46,-,-,-,-,355.6,-,-,346.7,-,-,341.24,-,-,342.28,-,-,300.72,291.76,287.79,-,273.09,271.4,271.4,266.28,259.44,-,276.64,276.17,-,275.64,277.55,-,269.27,272.59,-,274.19,270.92,-,272.09,271.37,-,268.3,272.53,-,272.03,245.94,-,245.45,248.57,-,258.28,-,-,256.21,255.16,-,250.6,245.73,-,247.08,-,-,-,-,404.7,-,-,391.3,-,-,380.01,-,-,378.63,-,-,360.32,350.23,338.89,-,321.84,322.51,322.51,316.11,307.02,-,328.41,327.78,-,327.72,331.79,-,320.51,320.42,-,320.08,317.84,-,317.69,319.51,-,318.18,322.4,-,321.81,294.97,-,290.57,296.66,-,301.61,-,-,297.68,293.99,-,287.76,286.86,-,281.54,-,-
MALUKU UTARA,-,-,11.7,-,-,9,-,-,8.72,-,-,7.64,-,-,8.09,7.56,8.74,-,9.19,11.06,11.06,12.19,11.17,-,12.25,8.29,-,10.57,12.45,-,12,12.93,-,13.34,14.9,-,15.32,15.37,-,16.58,18,-,18.54,17.6,-,19.09,22.94,-,23.4,-,-,23.41,24.21,-,23.13,22.91,-,24.25,-,-,-,-,98.2,-,-,96,-,-,89.27,-,-,83.44,-,-,89.22,84.23,79.56,-,74.25,74.77,74.77,70.45,73.62,-,67.65,64.35,-,64.1,63.95,-,64.47,65.35,-,68.12,67.03,-,69.28,71.8,-,69.79,69.52,-,68.62,63.58,-,60.79,59.19,-,60.39,-,-,59.68,55.48,-,54.14,51.9,-,53.61,-,-,-,-,109.9,-,-,105.1,-,-,98,-,-,91.07,-,-,97.31,91.79,88.3,-,83.44,85.82,85.83,82.64,84.79,-,79.9,72.65,-,74.68,76.4,-,76.47,78.28,-,81.46,81.93,-,84.6,87.18,-,86.37,87.52,-,87.16,81.18,-,79.87,82.13,-,83.8,-,-,83.09,79.69,-,77.27,74.81,-,77.85,-,-
PAPUA BARAT,-,-,11,-,-,9.5,-,-,8.55,-,-,9.59,-,-,10.78,13.99,13.27,-,14.21,12.85,12.85,14.78,14.06,-,19.34,18.82,-,20.96,20.11,-,20.7,19.02,-,19.33,21.25,-,22.61,22.25,-,24.09,26.75,-,28.01,28.19,-,29.47,34.61,-,35.84,-,-,12.82,15.18,-,14.94,16.16,-,13.87,-,-,-,-,255.8,-,-,237,-,-,248.29,-,-,246.66,-,-,239.06,216,209.97,-,210.06,221.38,221.38,214.65,211.4,-,206.03,206.72,-,204.85,203.49,-,207.69,193.83,-,195.14,192.42,-,188.88,185.34,-,184.49,188.47,-,191.06,193.1,-,189.31,187.74,-,179.14,-,-,97.34,93.11,-,91.95,86.25,-,84.6,-,-,-,-,266.8,-,-,246.5,-,-,256.84,-,-,256.25,-,-,249.84,229.99,223.24,-,224.27,234.23,234.23,229.43,225.46,-,225.36,225.54,-,225.8,223.6,-,228.38,212.86,-,214.47,213.67,-,211.5,207.59,-,208.58,215.22,-,219.07,221.29,-,218.78,222.36,-,214.98,-,-,110.16,108.28,-,106.9,102.4,-,98.46,-,-
PAPUA BARAT DAYA,-,-,-,-,-,-,-,-,-,-,-,-,-,-,-,-,-,-,-,-,-,-,-,-,-,-,-,-,-,-,-,-,-,-,-,-,-,-,-,-,-,-,-,-,-,-,-,-,-,-,-,24.04,22.96,-,29.4,24.02,-,26.67,-,-,-,-,-,-,-,-,-,-,-,-,-,-,-,-,-,-,-,-,-,-,-,-,-,-,-,-,-,-,-,-,-,-,-,-,-,-,-,-,-,-,-,-,-,-,-,-,-,-,-,-,-,78.23,73.85,-,74.17,78.39,-,70.85,-,-,-,-,-,-,-,-,-,-,-,-,-,-,-,-,-,-,-,-,-,-,-,-,-,-,-,-,-,-,-,-,-,-,-,-,-,-,-,-,-,-,-,-,-,-,-,-,-,-,-,-,-,102.27,96.81,-,103.57,102.41,-,97.51,-,-
PAPUA,-,-,35.4,-,-,31.6,-,-,28.19,-,-,26.18,-,-,35.27,34.31,48.08,-,51.9,45.41,45.41,35.37,35.61,-,37.27,30.28,-,37.08,35.77,-,39.17,41.06,-,41.28,37.78,-,41.01,43.93,-,43.63,44.73,-,48.36,49.23,-,50.67,54.06,-,58.67,-,-,33.68,31.85,-,35.63,33.01,-,33.93,-,-,-,-,758,-,-,701.5,-,-,732.16,-,-,735.44,-,-,909.53,932.28,928.29,-,965.46,1012.57,1012.57,889.03,828.5,-,821.88,867.93,-,874.25,879.1,-,858.51,869.36,-,876.35,877.44,-,885.35,857.02,-,867.74,867.5,-,872.08,895.26,-,871.46,882.26,-,856.48,-,-,119.24,129.21,-,135.75,127.24,-,132.04,-,-,-,-,793.4,-,-,733.1,-,-,760.35,-,-,761.62,-,-,944.79,966.59,976.37,-,1017.36,1057.98,1057.98,924.4,864.11,-,859.15,898.21,-,911.33,914.87,-,897.69,910.42,-,917.63,915.22,-,926.36,900.95,-,911.37,912.23,-,920.44,944.49,-,922.12,936.32,-,915.15,-,-,152.91,161.07,-,171.38,160.25,-,165.98,-,-
PAPUA SELATAN,-,-,-,-,-,-,-,-,-,-,-,-,-,-,-,-,-,-,-,-,-,-,-,-,-,-,-,-,-,-,-,-,-,-,-,-,-,-,-,-,-,-,-,-,-,-,-,-,-,-,-,5.97,7.14,-,8.16,9.92,-,7.21,-,-,-,-,-,-,-,-,-,-,-,-,-,-,-,-,-,-,-,-,-,-,-,-,-,-,-,-,-,-,-,-,-,-,-,-,-,-,-,-,-,-,-,-,-,-,-,-,-,-,-,-,-,86.23,95.88,-,97.37,94,-,93.41,-,-,-,-,-,-,-,-,-,-,-,-,-,-,-,-,-,-,-,-,-,-,-,-,-,-,-,-,-,-,-,-,-,-,-,-,-,-,-,-,-,-,-,-,-,-,-,-,-,-,-,-,-,92.2,103.02,-,105.53,103.92,-,100.61,-,-
PAPUA TENGAH,-,-,-,-,-,-,-,-,-,-,-,-,-,-,-,-,-,-,-,-,-,-,-,-,-,-,-,-,-,-,-,-,-,-,-,-,-,-,-,-,-,-,-,-,-,-,-,-,-,-,-,10.92,13.47,-,14.19,20.42,-,11.23,-,-,-,-,-,-,-,-,-,-,-,-,-,-,-,-,-,-,-,-,-,-,-,-,-,-,-,-,-,-,-,-,-,-,-,-,-,-,-,-,-,-,-,-,-,-,-,-,-,-,-,-,-,297.56,274.06,-,288.11,289.44,-,310.05,-,-,-,-,-,-,-,-,-,-,-,-,-,-,-,-,-,-,-,-,-,-,-,-,-,-,-,-,-,-,-,-,-,-,-,-,-,-,-,-,-,-,-,-,-,-,-,-,-,-,-,-,-,308.48,287.54,-,302.31,309.86,-,321.28,-,-
PAPUA PEGUNUNGAN,-,-,-,-,-,-,-,-,-,-,-,-,-,-,-,-,-,-,-,-,-,-,-,-,-,-,-,-,-,-,-,-,-,-,-,-,-,-,-,-,-,-,-,-,-,-,-,-,-,-,-,12.92,9.64,-,10.51,26.1,-,27.26,-,-,-,-,-,-,-,-,-,-,-,-,-,-,-,-,-,-,-,-,-,-,-,-,-,-,-,-,-,-,-,-,-,-,-,-,-,-,-,-,-,-,-,-,-,-,-,-,-,-,-,-,-,352.51,321.48,-,326.81,282.09,-,272.8,-,-,-,-,-,-,-,-,-,-,-,-,-,-,-,-,-,-,-,-,-,-,-,-,-,-,-,-,-,-,-,-,-,-,-,-,-,-,-,-,-,-,-,-,-,-,-,-,-,-,-,-,-,365.43,331.12,-,337.32,308.19,-,300.06,-,-
INDONESIA,-,10634.47,13559.3,-,10634.47,12768.5,-,10634.47,11910.53,-,10634.47,11097.77,-,10634.47,11046.75,10647.23,10507.77,-,10325.55,10634.47,10634.49,10507.2,10356.69,-,10652.64,10619.86,-,10339.77,10485.64,-,10673.83,10272.55,-,10144.37,10131.28,-,9994.8,9857.75,-,11161.96,12038.5,-,12176.58,11859.34,-,11820.06,11980.32,-,11736.36,-,-,11637.37,11046.59,-,11269.83,11183.28,-,10828.65,-,-,-,17919.46,23609,-,17919.46,22194.8,-,17919.46,20619.44,-,17919.46,19925.62,-,17919.46,18972.18,18485.18,18086.87,-,17741.05,17919.46,17919.48,17772.81,17371.09,-,17940.15,17893.71,-,17665.62,17278.68,-,17097.39,16310.44,-,15805.43,15543.31,-,15149.92,14928.12,-,15262.06,15511.19,-,15366.19,14644.3,-,14341.1,14382.95,-,14162.19,-,-,13581.84,13008.13,-,12584.73,12176.43,-,12101.09,-,-,-,28553.93,37168.3,-,28553.93,34963.3,-,28553.93,32529.97,-,28553.93,31023.39,-,28553.93,30018.93,29132.4,28594.64,-,28066.6,28553.93,28553.97,28280.01,27727.78,-,28592.79,28513.57,-,28005.39,27764.32,-,27771.22,26582.99,-,25949.8,25674.58,-,25144.72,24785.87,-,26424.02,27549.69,-,27542.77,26503.65,-,26161.16,26363.27,-,25898.55,-,-,25219.2,24054.72,-,23854.56,23359.71,-,22929.74,-,-
,,,,,,,,,,,,,,,,,,,,,,,,,,,,,,,,,,,,,,,,,,,,,,,,,,,,,,,,,,,,,,,,,,,,,,,,,,,,,,,,,,,,,,,,,,,,,,,,,,,,,,,,,,,,,,,,,,,,,,,,,,,,,,,,,,,,,,,,,,,,,,,,,,,,,,,,,,,,,,,,,,,,,,,,,,,,,,,,,,,,
Catatan,- Data Provinsi Kalimantan Utara pada tahun 2013 dan 2014 masih bergabung dengan Provinsi Kalimantan Timur,<br />- Angka Provinsi Papua Barat dan Papua sebelum tahun 2024 merupakan angka provinsi sebelum mengalami pemekaran Daerah Otonom Baru (DOB),,,,,,,,,,,,,,,,,,,,,,,,,,,,,,,,,,,,,,,,,,,,,,,,,,,,,,,,,,,,,,,,,,,,,,,,,,,,,,,,,,,,,,,,,,,,,,,,,,,,,,,,,,,,,,,,,,,,,,,,,,,,,,,,,,,,,,,,,,,,,,,,,,,,,,,,,,,,,,,,,,,,,,,,,,,,,,,,,,