Provinsi/Kabupaten/Kota,Persentase Penduduk Miskin (P0) Menurut Kabupaten/Kota (Persen),,,,,,,,,,,,,,,,,,,,,
,2004,2005,2006,2007,2008,2009,2010,2011,2012,2013,2014,2015,2016,2017,2018,2019,2020,2021,2022,2023,2024,2025
ACEH,28.47,28.69,28.28,26.65,23.55,21.61,19.95,19.48,18.58,17.72,16.98,17.08,16.73,16.89,15.97,15.32,14.99,15.33,14.64,14.45,14.23,12.33
Simeulue,34.26,33.39,33.8,32.26,26.45,24.72,23.61,22.96,21.88,20.57,19.92,20.43,19.93,20.2,19.78,18.99,18.49,18.98,18.37,17.92,17.69,15.52
Aceh Singkil,28.85,28.61,28.41,28.54,23.27,21.06,19.38,18.93,17.92,18.73,17.77,21.72,21.6,22.11,21.25,20.78,20.2,20.36,19.18,19.15,19.06,17.07
Aceh Selatan,27.56,26.43,24.58,24.72,19.4,17.5,15.93,15.52,14.8,13.44,12.79,13.24,13.48,14.07,14.01,13.09,12.87,13.18,12.43,12.1,12.02,9.89
Aceh Tenggara,23.87,24.13,23.56,21.6,18.51,16.77,16.78,16.39,15.63,14.39,13.75,14.91,14.46,14.86,14.29,13.43,13.21,13.41,12.83,12.45,11.99,9.78
Aceh Timur,29.98,29.41,29.85,28.15,24.05,21.33,18.42,18.01,17.19,16.59,15.88,15.85,15.06,15.25,14.49,14.47,14.08,14.45,13.91,13.39,13.26,11.24
Aceh Tengah,27.93,27.11,26.68,24.41,23.36,21.43,20.09,19.58,18.77,17.76,16.99,17.51,16.64,16.84,15.58,15.5,15.08,15.26,14.5,14.38,14.27,12.29
Aceh Barat,35.65,34.78,34.54,32.63,29.96,27.09,24.42,23.81,22.76,23.7,22.97,21.46,20.38,20.28,19.31,18.79,18.34,18.81,17.93,17.86,17.6,15.5
Aceh Besar,29.89,28.81,28.66,26.69,21.52,20.09,18.8,18.36,17.5,16.88,16.13,15.93,15.55,15.41,14.47,13.92,13.84,14.05,13.38,13.38,13.21,11.05
Pidie,35.24,35.27,35.32,33.31,28.11,25.87,23.8,23.19,22.12,21.12,20.29,21.18,21.25,21.43,20.47,19.46,19.23,19.59,18.79,18.78,18.59,16.46
Bireuen,29.25,29.09,29.05,27.18,23.27,21.65,19.5,19.06,18.21,17.65,16.94,16.94,15.95,15.87,14.31,13.56,13.06,13.25,12.51,12.12,12.1,10.3
Aceh Utara,34.21,35.14,34.98,33.16,27.56,25.29,23.43,22.89,21.89,20.34,19.58,19.2,19.46,19.78,18.27,17.39,17.02,17.43,16.86,16.64,16.11,14.27
Aceh Barat Daya,27.98,27.71,28.3,28.63,23.42,21.33,19.93,19.49,18.51,18.92,17.99,18.25,18.03,18.31,17.1,16.26,15.93,16.34,15.44,15.43,15.32,13.3
Gayo Lues,32.38,33.28,33.51,32.31,26.57,24.22,23.9,23.38,22.3,22.33,21.43,21.95,21.86,21.97,20.7,19.87,19.32,19.64,18.87,18.82,18.3,16.77
Aceh Tamiang,25.23,24,23.89,22.19,22.29,19.96,17.98,17.49,16.7,15.13,14.58,14.57,14.51,14.69,14.21,13.38,13.08,13.34,12.61,12.51,12.17,10.84
Nagan Raya,35.54,35.44,35.25,33.61,28.11,26.22,24.06,23.38,22.27,21.75,20.85,20.13,19.25,19.34,18.97,17.97,17.7,18.23,17.38,17.25,16.94,15.42
Aceh Jaya,31.6,30.65,30.42,29.28,23.86,21.86,20.17,19.8,18.3,17.53,16.52,15.93,15.01,14.85,14.16,13.36,12.87,13.23,12.51,12.42,12.25,10.37
Bener Meriah,-,28.18,27.98,26.55,29.21,26.58,26.22,25.5,24.5,23.47,22.45,21.55,21.43,21.14,20.13,19.3,18.89,19.16,18.39,18.31,18.18,16.2
Pidie Jaya,-,-,-,35,30.26,27.97,26.07,25.43,24.35,22.7,21.78,21.4,21.18,21.82,20.17,19.31,19.19,19.55,18.45,18.4,18.28,16.12
Kota Banda Aceh,8.89,8.2,8.25,6.61,9.56,8.64,9.19,9.08,8.65,8.03,7.78,7.72,7.41,7.44,7.25,7.22,6.9,7.61,7.13,7.04,6.95,5.45
Kota Sabang,31.46,29.17,28.56,27.13,25.72,23.89,21.68,21.31,20.51,18.31,17.02,17.69,17.33,17.66,16.31,15.6,14.94,15.32,14.66,14.59,14.58,12.75
Kota Langsa,15.29,14.68,13.95,14.25,17.97,16.2,15.01,14.66,13.93,12.62,12.08,11.62,11.09,11.24,10.79,10.57,10.44,10.96,10.62,10.53,10.33,8.59
Kota Lhokseumawe,14.98,15.57,14.25,12.75,15.87,15.08,14.07,13.73,13.06,12.47,11.93,12.16,11.98,12.32,11.81,11.18,10.8,11.16,10.84,10.73,10.44,9.01
Kota Subulussalam,-,-,-,30.16,28.99,26.8,24.33,23.85,22.63,20.69,19.72,20.39,19.57,19.71,18.51,17.95,17.6,17.65,16.94,16.41,16.38,13.88
SUMATERA UTARA,14.93,14.68,15.01,13.9,12.47,11.27,11.36,10.83,10.41,10.39,9.85,10.53,10.35,10.22,9.22,8.83,8.75,9.01,8.42,8.15,7.99,7.36
Nias,31.58,30.8,31.53,31.75,25.19,22.57,19.97,19.11,18.67,17.28,16.39,18.05,17.64,18.11,16.37,15.94,16.6,16.82,16,15.1,14.89,14.51
Mandailing Natal,21.31,21.5,20.58,18.74,14.46,13.02,12.6,11.98,11.58,9.62,9.28,11.13,10.98,11.02,9.58,9.11,9.18,9.49,8.92,8.86,8.69,7.91
Tapanuli Selatan,22.08,20.41,21.05,20.33,13.77,12.67,11.96,11.4,11.1,11.33,10.74,11.37,11.15,10.6,9.16,8.6,8.47,8.8,8.07,7.01,6.92,6.16
Tapanuli Tengah,31.47,30.16,29.44,27.47,19.35,17.83,16.73,15.96,15.03,15.41,14.47,15,14.58,14.66,13.17,12.53,12.38,12.67,11.71,11.5,11.8,11.03
Tapanuli Utara,19.16,21.8,22.36,20.06,14.15,13.1,12.49,11.89,11.55,11.68,11.06,11.41,11.25,11.35,9.75,9.48,9.37,9.72,8.93,8.54,8.21,7.47
Toba Samosir,20.37,18.99,16.87,15.28,11.62,10.07,10.15,9.67,9.43,9.54,9.23,10.21,10.08,10.19,8.67,8.6,8.71,8.99,8.89,8.04,8.07,7.21
Labuhan Batu,14.16,12.98,14.65,12.33,10.76,9.85,10.67,10.15,9.61,8.53,8.2,8.99,8.95,8.89,8.61,8.44,8.44,8.74,8.26,7.99,7.84,7.37
Asahan,12.91,13.29,13.45,13.77,12.89,12.09,11.42,10.85,10.52,11.6,10.98,12.09,11.86,11.67,10.25,9.68,9.04,9.35,8.64,8.21,8.12,7.18
Simalungun,17.94,17.09,17.2,14.84,14.75,12.67,10.73,10.21,9.97,10.45,10.2,10.96,10.81,10.65,9.31,8.81,8.46,8.81,8.26,7.87,7.72,6.91
Dairi,21.16,19.54,17.91,15.82,11.07,10.03,9.97,9.48,9.28,8.68,8.4,9.09,8.9,8.87,8.2,7.7,8.04,8.31,7.88,7.47,7.1,6.98
Karo,20,17.68,16.71,14.47,12.86,11.42,11.02,10.49,9.93,9.79,9.2,9.68,9.81,9.97,8.67,8.23,8.7,8.79,8.17,7.98,7.37,6.66
Deli Serdang,7.91,6.3,6.7,5.67,5.16,5.17,5.34,5.1,4.78,4.71,4.56,4.74,4.86,4.62,4.13,3.89,3.88,4.01,3.62,3.44,3.44,3.11
Langkat,19.89,20.98,20.57,18.23,14.81,12.75,10.84,10.31,10.02,10.44,9.99,11.3,11.36,11.15,10.2,9.91,9.73,10.12,9.49,9.23,9.04,8.42
Nias Selatan,32.15,34.84,35.89,33.84,24.36,22.19,20.72,19.71,19.05,18.83,17.81,19.05,18.6,18.48,16.65,16.45,16.74,16.92,16.48,16.39,16.32,16.16
Humbang Hasundutan,20.11,20.42,18.36,18.84,12.99,11.31,10.6,10.09,9.73,10,9.44,9.85,9.78,9.85,9,8.75,9.36,9.65,8.86,8.69,8.44,7.8
Pakpak Bharat,22.62,25.18,26.97,22.42,15.02,13.99,13.78,13.16,12.4,11.28,10.55,11.26,10.72,10.53,9.74,9.27,9.28,9.35,8.66,7.54,6.87,6.4
Samosir,-,23.13,23.87,27.76,18.76,17.55,16.5,15.67,15.17,14.01,13.2,14.11,14.4,14.72,13.38,12.52,12.48,12.68,11.77,11.66,11.63,10.79
Serdang Bedagai,-,10.53,12.05,11.84,10.61,9.51,10.59,10.07,9.89,9.35,8.98,9.59,9.53,9.3,8.22,7.9,7.97,8.3,7.82,7.44,6.97,6.18
Batu Bara,-,-,-,17.89,13.64,12.87,12.28,11.67,11.24,11.92,11.25,12.61,12.24,12.48,12.57,12.14,11.88,12.38,11.53,11.38,10.94,10.1
Padang Lawas Utara,-,-,-,-,-,11.83,11.19,10.64,9.98,10.28,9.6,10.97,10.87,10.7,10.06,9.6,9.7,9.92,8.94,8.79,8.97,8.04
Padang Lawas,-,-,-,-,-,11.9,11.13,10.56,9.8,8.59,8.03,8.73,8.69,9.1,8.41,8.28,8.37,8.69,8.05,7.89,7.87,7.32
Labuhan Batu Selatan,-,-,-,-,-,-,15.58,14.86,13.96,12.36,11.54,11.65,11.49,11.63,10,8.94,8.34,8.53,8.09,8.06,7.73,6.8
Labuhan Batu Utara,-,-,-,-,-,-,12.32,11.77,11.34,11.34,10.71,11.31,10.97,11.28,10.12,9.57,9.53,10.02,9.09,9.08,8.98,8.42
Nias Utara,-,-,-,-,-,-,31.9,30.44,29.5,30.94,29.28,32.62,30.92,29.06,26.56,24.99,25.07,25.66,23.4,21.79,21.5,20.79
Nias Barat,-,-,-,-,-,-,30.89,29.32,28.57,29.65,28.1,29.96,28.36,27.23,26.72,25.51,25.69,26.42,24.75,22.81,22.68,22.47
Kota Sibolga,9.01,11,12.44,9.73,17.67,15.82,13.9,13.18,13,12.9,12.26,13.48,13.3,13.69,12.38,12.36,11.95,12.33,11.47,11.42,11.39,10.28
Kota Tanjung Balai,12.53,13.92,13.92,11.52,18.35,17.1,16.31,15.52,14.86,14.85,14.02,15.08,14.49,14.46,14.64,14.04,13.33,13.4,12.45,12.21,11.97,10.67
Kota Pematang Siantar,11.55,10.96,10.93,9.46,13.36,12.25,11.72,11.15,10.79,10.93,10.35,10.47,9.99,10.1,8.7,8.63,8.27,8.52,7.88,7.24,7.2,6.24
Kota Tebing Tinggi,10.1,10.85,11.17,9.67,16.5,14.58,13.04,12.44,11.93,11.74,11.08,12.03,11.7,11.9,10.27,9.94,9.85,10.3,9.59,9.49,8.79,8.74
Kota Medan,7.13,7.06,7.8,7.17,10.43,9.58,10.05,9.63,9.33,9.64,9.12,9.41,9.3,9.11,8.25,8.08,8.01,8.34,8.07,8,7.94,7.25
Kota Binjai,6.4,6.93,6.89,5.72,8.12,7.04,7.33,7,6.72,6.75,6.38,7.03,6.67,6.75,5.88,5.66,5.71,5.81,5.1,4.79,4.75,4.71
Kota Padangsidimpuan,13.65,11.35,13.18,10.92,11.61,9.77,10.53,10.08,9.6,9.04,8.52,8.77,8.32,8.25,7.69,7.26,7.4,7.53,6.89,6.85,6.23,5.61
Kota Gunungsitoli,-,-,-,-,-,-,33.86,32.12,30.85,30.94,27.63,25.42,23.43,21.66,18.44,16.23,16.41,16.45,14.81,14.78,14.72,13.85
SUMATERA BARAT,10.46,10.89,12.51,11.9,10.57,9.45,9.44,8.99,8,7.56,6.89,7.31,7.09,6.87,6.65,6.42,6.28,6.63,5.92,5.95,5.97,5.35
Kepulauan Mentawai,17.59,19.26,16.87,15.99,22.86,20.54,19.74,18.85,16.7,16.12,14.96,15.52,15.12,14.67,14.44,14.43,14.35,14.84,13.97,13.72,13.89,13.22
Pesisir Selatan,12.44,12.43,14.76,13.21,11.36,10.56,10.22,9.75,8.68,8.64,7.82,8.46,7.92,7.79,7.59,7.88,7.61,7.92,7.11,7.34,7.49,6.52
Solok,14.4,15.28,17.98,17.59,13.43,12.15,11.74,11.19,10.03,10.26,9.53,10,9.32,9.06,8.88,7.98,7.81,8.01,7.12,7.13,7.31,6.52
Sijunjung,13.54,13.94,15.96,15.35,11.51,9.8,10.45,9.94,8.79,8.53,7.74,7.87,7.6,7.35,7.11,7.04,6.78,6.8,6,5.88,5.78,5.15
Tanah Datar,7.04,6.19,7.61,7.72,7.52,6.93,6.9,6.57,5.95,5.77,5.29,5.82,5.68,5.56,5.32,4.66,4.4,4.54,4.26,4.16,4.28,3.59
Padang Pariaman,12.53,14.67,17.45,17.12,14.15,12.41,11.86,11.26,10.12,9.17,8.39,8.86,8.91,8.46,8.04,7.1,6.95,7.22,6.25,6.34,6.27,5.86
Agam,13.4,13.36,13.93,12.59,11.2,9.86,9.84,9.39,8.43,7.68,7.02,7.58,7.83,7.59,6.76,6.75,6.75,6.85,6.22,6.6,6.83,5.97
Lima Puluh Kota,12.26,13.37,16.19,14.79,11.01,9.98,10.47,9.96,8.89,8.26,7.48,7.65,7.59,7.15,6.99,6.97,6.86,7.29,6.59,6.8,6.92,6.1
Pasaman,13.22,15.63,18.34,17.92,14.44,12.47,10.96,10.42,9.31,8.37,7.6,8.14,7.65,7.41,7.31,7.21,7.16,7.48,6.85,6.8,6.74,6.02
Solok Selatan,-,15.42,17.65,17.43,13.41,11.66,11.11,10.61,9.37,8.12,7.33,7.52,7.35,7.21,7.07,7.33,7.15,7.52,6.51,6.45,6.56,6
Dharmasraya,-,13.01,14.93,14.42,12.53,11.4,10.56,10.09,8.82,7.74,6.97,7.17,7.16,6.68,6.42,6.29,6.23,6.67,5.56,5.56,5.32,4.61
Pasaman Barat,-,12,14.12,13.76,10.96,9.61,9.59,9.14,8.04,7.86,7.08,7.93,7.4,7.26,7.34,7.14,7.04,7.51,6.93,6.92,7,6.3
Kota Padang,4.07,4.41,5.15,4.97,6.4,5.72,6.31,6.02,5.3,5.02,4.56,4.93,4.68,4.74,4.7,4.48,4.4,4.94,4.26,4.17,4.06,3.63
Kota Solok,5.5,4.08,4.86,4.59,7.32,6.76,6.99,6.72,5.87,4.6,4.16,4.12,3.86,3.66,3.3,3.24,2.77,3.12,3.02,3.05,3.07,2.91
Kota Sawah Lunto,-,5.21,2.86,2.25,1.94,2.42,2.47,2.34,2.17,2.28,2.25,2.22,2.21,2.01,2.39,2.17,2.16,2.38,2.28,2.27,2.33,2.72
Kota Padang Panjang,3.71,4.74,4.94,5.19,8.24,7.58,7.6,7.25,6.5,6.66,6.4,6.74,6.75,6.17,5.88,5.6,5.24,5.92,5.14,5.24,5.31,4.97
Kota Bukittinggi,3.32,4.97,5.12,5.23,7.2,6.19,6.82,6.49,5.73,5.36,4.96,5.36,5.48,5.35,4.92,4.6,4.54,5.14,4.46,4.11,4.08,3.78
Kota Payakumbuh,6.1,6.46,7.88,7.77,10.96,10.15,10.58,10.09,9,7.81,7.01,6.67,6.46,5.88,5.77,5.68,5.65,6.16,5.66,5.44,5.19,4.95
Kota Pariaman,7.69,8.36,7.86,5.87,5.33,5.48,5.9,5.66,5.02,5.35,5.12,5.42,5.23,5.2,5.03,4.76,4.1,4.38,4.13,4.2,4.26,3.83
RIAU,13.12,12.51,11.85,11.2,10.79,9.45,10.01,8.17,8.05,8.42,7.99,8.42,7.98,7.78,7.39,7.08,6.82,7.12,6.78,6.68,6.67,6.16
Kuantan Singingi,25.41,23.04,21.28,19.03,16.51,14.42,12.57,10.19,10.29,11.28,10.75,10.8,9.85,9.97,9.92,9.56,8.91,8.97,8.24,8.07,7.89,6.99
Indragiri Hulu,19.62,17.28,15.97,14.63,12.05,10.25,8.9,7.25,7.17,7.5,7.28,7.76,7.15,6.94,6.3,6.06,5.96,6.18,6.14,6.06,6.02,5.83
Indragiri Hilir,18.34,16.01,14.85,14.57,13.19,11.11,9.41,7.65,7.81,7.88,7.51,8.11,7.99,7.7,7.05,6.54,5.93,6.18,5.98,5.64,5.66,4.95
Pelalawan,24.71,22.36,19.8,18.07,18.63,16.71,14.51,11.93,11.11,12,11.15,12.09,11,10.25,9.73,9.62,9.16,9.63,8.97,8.15,8.49,7.24
Siak,9.62,7.62,5.45,6.01,7.09,5.71,6.49,5.29,5.17,5.54,5.22,5.67,5.52,5.8,5.44,5.03,5.09,5.18,5.07,5.23,5.08,4.4
Kampar,14.96,12.93,11.69,10.73,11.45,10.04,10.47,8.52,8.36,9.04,8.68,9.17,8.38,8.02,8.18,7.71,7.38,7.82,7.12,7.04,6.92,6.29
Rokan Hulu,29.13,26.48,23.81,21.86,18.05,15.49,13.03,10.66,10.13,10.86,10.13,11.05,11.05,10.91,10.95,10.53,10.31,10.4,9.95,9.72,9.62,8.71
Bengkalis,10.87,8.59,11.56,10.69,8.94,7.91,8.25,6.72,6.76,7.57,7.2,7.38,6.82,6.85,6.22,6.27,6.4,6.64,6.32,6.31,6.36,6.08
Rokan Hilir,11.6,9.51,9.09,9.41,10.59,9.32,9.3,7.58,7.38,7.73,7.28,7.67,7.97,7.88,7.06,7.01,6.72,7.18,6.73,7.07,7.01,7.16
Kepulauan Meranti,-,-,-,-,-,-,42.56,34.53,35.89,35.74,33.85,34.08,30.89,28.99,27.79,26.93,25.28,25.68,23.84,22.98,23.15,20.51
Kota Pekanbaru,4.35,2.44,2.16,2.24,3.63,3.92,4.2,3.45,3.38,3.27,3.17,3.27,3.07,3.05,2.85,2.52,2.62,2.83,3.06,3.16,3.15,3.19
Kota Dumai,10.01,8.44,7.69,6.28,7.42,6.08,6.45,5.27,5.24,4.98,4.83,5.26,4.74,4.57,3.71,3.56,3.16,3.42,3.2,3.21,3.14,3.08
JAMBI,12.45,11.88,11.37,10.27,9.28,8.55,8.4,7.9,8.28,8.41,8.39,8.86,8.41,8.19,7.92,7.6,7.58,8.09,7.62,7.58,7.1,7.19
Kerinci,12.41,12.25,12.51,11.3,7.71,7.25,7.83,7.36,7.71,7.35,7.43,8.16,7.48,7.45,7.07,7.13,7.3,7.71,7.57,7.54,6.93,7.48
Merangin,15,14.73,14.05,12.1,9.5,8.65,8.07,7.68,8.08,9.31,9.37,9.8,9.95,9.43,8.88,8.48,8.63,9.11,8.7,8.9,8.4,8.07
Sarolangun,20.25,19.81,18.23,16.11,11.69,9.85,9.66,9.1,9.45,10.51,10.17,10.29,9.33,8.87,8.73,8.45,8.42,8.87,8.48,8.54,8.36,8.74
Batang Hari,19.01,18.09,17.2,15.42,10.49,10.11,10.19,9.56,10.13,10.42,10.5,10.69,10.79,10.33,10.23,9.75,9.65,10.05,9.63,9.45,8.63,8.27
Muaro Jambi,9.65,9.39,8.47,7.13,4.35,4.54,5.29,4.98,5.08,4.58,4.45,4.63,4.3,4.37,4.05,3.83,3.83,4.53,4.47,4.43,3.65,4.32
Tanjung Jabung Timur,11.61,13.44,13.97,13.44,13.49,12.21,12.4,11.6,12.5,13.42,13.55,14.17,12.76,12.58,12.38,11.54,10.95,11.39,10.91,10.85,10.14,9.96
Tanjung Jabung Barat,15.73,13.28,12.48,12.79,13.43,11.65,11.08,10.43,10.91,11.61,11.64,12.63,11.81,11.32,11.1,10.56,10.29,10.75,10,9.79,9.54,9.67
Tebo,11.16,10.9,10.05,8.69,6.34,6.1,6.42,6.05,6.34,6.86,6.89,7.12,6.87,6.79,6.58,6.47,6.26,6.68,6.34,6.46,6.12,5.97
Bungo,11.64,9.72,8.92,7.63,5.12,5.32,5.7,5.35,5.54,5.25,5.12,5.7,5.99,5.82,5.78,5.6,5.8,6.23,5.38,5.29,5.06,5.17
Kota Jambi,6.04,5.37,5.18,5.04,11.63,10.54,9.9,9.27,9.8,8.91,8.94,9.67,8.87,8.84,8.49,8.12,8.27,9.02,8.33,8.24,7.73,7.69
Kota Sungai Penuh,-,-,-,-,-,-,3.64,3.42,3.66,3.3,3.33,3.43,3.13,2.78,2.76,2.81,3.03,3.41,2.97,3,2.92,3.23
SUMATERA SELATAN,20.92,21.01,20.99,19.15,17.67,15.68,14.8,13.95,13.48,14.06,13.62,14.25,13.54,13.19,12.8,12.71,12.66,12.84,11.9,11.78,10.97,10.15
Ogan Komering Ulu,18.16,17.59,17.8,15.69,14.64,13.17,12.28,11.58,11.19,12.31,11.96,13.22,13.29,12.95,12.61,12.77,12.75,12.62,11.61,11.46,10.68,10.08
Ogan Komering Ilir,22.02,24.47,25.93,22.5,17.67,16.17,15.98,15.06,14.54,15.82,15.3,17.08,16.03,15.75,15.28,15.01,14.73,14.68,13.23,13.15,12.08,11.84
Muara Enim,22.34,22.03,21.88,19.87,17.98,15.96,14.51,13.71,13.21,14.26,13.76,14.54,13.56,13.19,12.56,12.41,12.32,12.32,11.12,10.93,9.79,9.45
Lahat,29.61,29.57,29.67,28.09,23.21,20.98,19.02,17.92,17.46,18.61,18.02,18.02,17.11,16.81,16.15,15.92,15.95,16.46,15.61,15,14.14,13.69
Musi Rawas,35.4,34.82,34.49,32.93,24.27,21.4,19.38,18.25,17.67,17.85,17.28,15.13,14.3,14.24,13.76,13.37,13.5,13.89,13.34,14.13,13.44,12.67
Musi Banyuasin,36.39,36.28,35.52,33.6,25.45,22.76,20.06,18.99,18.29,18.02,17.38,18.35,17.27,16.75,16.52,16.41,16.13,15.84,15.19,14.9,12.88,9.97
Banyu Asin,20.86,20.22,19.81,17.72,15.38,13.72,12.39,11.66,11.27,12.28,11.88,12.45,11.72,11.47,11.32,11.33,11.17,10.75,10,9.58,9.31,8.48
Ogan Komering Ulu Selatan,-,18.42,21.06,18.96,14.56,12.73,11.53,10.84,10.49,11.57,11.21,11.58,10.95,10.98,10.64,10.53,10.85,11.12,10.56,10.36,9.86,9.17
Ogan Komering Ulu Timur,-,18.38,18.26,16.03,12.12,9.95,9.81,9.23,8.98,10.28,10.13,11.24,11.29,11,10.57,10.43,10.43,10.6,10.05,9.99,9.75,8.86
Ogan Ilir,-,23.75,22.67,21.57,17.78,15.65,13.97,13.18,12.79,13.86,13.38,14.43,13.8,13.58,13.19,13.31,13.36,13.82,12.33,13.28,12.3,11.69
Empat Lawang,-,-,-,23.5,18.37,15.8,14.73,13.82,13.37,13.1,12.89,13.33,12.54,12.44,12.25,12.3,12.63,13.35,12.03,11.8,10.78,10.48
Penukal Abab Lematang Ilir,-,-,-,-,-,-,-,-,-,-,-,14.88,14.26,14.53,13.81,13.47,12.62,12.91,11.76,10.91,9.82,9.27
Musi Rawas Utara,-,-,-,-,-,-,-,-,-,-,-,19.73,20,19.49,19.12,19.12,19.47,20.11,18.45,18.26,17.38,15.25
Kota Palembang,9.57,9.35,9.23,8.98,16.66,14.75,15,14.13,13.59,13.36,12.93,12.85,12.04,11.4,10.95,10.9,10.89,11.34,10.48,10.22,9.77,9.04
Kota Prabumulih,12.41,11.83,9.33,7.57,15.39,13.93,12.93,12.19,11.71,11.23,10.86,12.12,11.44,11.42,11.39,11.61,11.59,12.2,11.28,11.23,10.13,9.75
Kota Pagar Alam,14.91,13.2,11.88,9.75,10.23,9.66,9.81,9.24,9,9,8.9,9.64,9.19,8.89,8.77,8.9,9.07,9.4,8.47,8.88,8.18,7.7
Kota Lubuklinggau,16.42,16.11,16.01,14.25,17.36,15.12,15.3,14.43,13.89,14.37,13.9,15.16,13.99,13.12,13.02,12.95,12.71,13.23,12.68,12.65,11.14,10.49
BENGKULU,22.39,22.18,23,22.13,19.12,18.14,16.37,17.36,17.51,17.75,17.09,17.88,17.32,16.45,15.43,15.23,15.03,15.22,14.62,14.04,13.56,12.08
Bengkulu Selatan,33.45,35.35,37.45,35.24,27.53,25.08,22.62,22.55,22.97,22.59,21.91,22.76,22.1,21.06,18.65,18.54,17.82,18.16,17.86,17.51,17.1,15.72
Rejang Lebong,17.87,16.67,17.36,16.38,16.94,15.79,15.11,16.79,17.3,18.48,17.99,18.03,17.81,16.97,16.23,15.95,15.85,15.85,15.65,14.79,14.65,11.71
Bengkulu Utara,23.91,23.28,23.56,22.74,16.43,16.1,14.75,14.4,14.4,14.5,13.95,14.78,13.67,13.11,11.81,11.65,11.67,11.61,11.48,11.29,10.96,10.07
Kaur,37.75,39.15,38.55,38.18,26.01,23.49,21.22,22.26,22.65,23.25,21.96,22.87,22.36,21.54,19.4,18.89,18.47,18.62,18.1,17.83,17.12,15.82
Seluma,34.93,36.84,37.89,36.45,24.74,23.07,20.81,20.9,21.19,21.84,21.17,22.98,21.68,20.73,19.6,19.1,18.56,18.72,18.36,18,17.23,15.98
Mukomuko,20.07,20.9,21.19,20.06,15.76,15.39,14.06,13.28,13.21,12.98,12.48,13.45,13.01,12.2,11.4,11.7,11.72,11.93,11.44,10.76,10.76,10.05
Lebong,-,17.87,18.91,18.08,14.33,13.94,13.01,12.43,12.47,12.89,12.44,12.32,12.26,11.83,11.59,11.77,11.85,12,12.03,11.15,10.45,10.1
Kepahiang,-,17.08,18.2,17.55,17.03,16.6,14.78,15.02,15.34,16.13,15.65,16.83,16.31,15.95,14.42,14.74,14.69,14.83,14.53,14.12,12.9,10.38
Bengkulu Tengah,-,-,-,-,-,-,6.42,6.49,6.52,7.24,8.22,8.33,8.71,8.41,8.2,8.8,9.3,9.68,9.76,9.4,10.14,9.74
Kota Bengkulu,10.11,8.65,9.28,9.2,18.16,17.57,17.69,22.23,22.1,21.51,20.16,21.14,20.72,19.18,18.82,18.09,17.65,17.89,15.73,14.71,13.76,11.91
LAMPUNG,22.22,21.42,22.77,22.19,20.93,19.34,17.76,16.58,15.65,14.39,14.21,14.35,14.29,13.69,13.14,12.62,12.34,12.62,11.57,11.11,10.69,10
Lampung Barat,21.66,23.97,25.36,24.77,21.74,19.13,17.12,15.99,15.13,13.96,13.7,14.18,15.06,14.32,13.54,12.92,12.52,12.82,11.71,11.17,10.68,9.93
Tanggamus,20.97,19.5,22,22.17,20.91,19.79,18.3,17.06,16.1,15.24,14.95,14.26,14.05,13.25,12.48,12.05,11.68,11.81,10.98,10.52,10.28,10.1
Lampung Selatan,28.49,26.28,27.84,26.94,24.72,22.83,20.61,19.23,18.19,17.09,16.77,16.27,16.16,15.16,14.86,14.31,14.08,14.19,13.14,12.79,12.57,12.05
Lampung Timur,28.31,26.2,27.63,27.21,23.35,20.86,21.06,19.66,18.59,17.38,17.05,16.91,16.98,16.35,15.76,15.24,14.62,15.08,13.98,13.8,13.19,12.15
Lampung Tengah,18.97,19.63,22.09,22.06,19.89,18.67,16.88,15.76,14.96,13.37,13.13,13.3,13.28,12.9,12.62,12.03,11.82,11.99,10.96,10.65,10.37,9.59
Lampung Utara,33.81,31.4,32.5,32.16,31.24,28.96,28.19,26.33,25.16,23.67,23.32,23.2,22.92,21.55,20.85,19.9,19.3,19.63,18.41,17.17,16.92,15.78
Way Kanan,30.06,27.57,26.18,25.96,22.34,20.92,18.81,17.63,16.54,15.36,15.03,14.61,14.58,14.06,13.52,13.07,12.9,13.09,11.76,11.02,10.43,9.36
Tulangbawang,16.98,15.03,13.94,13.03,11.17,10.48,10.8,10.11,9.43,8.04,8.66,10.25,10.2,10.09,9.7,9.35,9.33,9.67,8.42,8.04,7.88,7.54
Pesawaran,-,-,-,-,-,22.73,20.48,19.06,18.01,17.86,17.51,17.61,17.31,16.48,15.97,15.19,14.76,15.11,13.85,12.89,11.86,10.93
Pringsewu,-,-,-,-,-,-,12.45,11.62,11.01,9.81,9.83,11.8,11.73,11.3,10.5,10.15,9.97,10.11,9.34,9.14,8.32,7.6
Mesuji,-,-,-,-,-,-,8.65,8.07,7.69,5.81,6.57,8.2,8,7.66,7.55,7.47,7.33,7.54,6.84,6.73,6.31,5.92
Tulang Bawang Barat,-,-,-,-,-,-,7.63,7.11,6.73,6.31,7.12,8.23,8.4,8.11,8.1,7.75,7.39,8.32,7.44,7.25,7.22,6.72
Pesisir Barat,-,-,-,-,-,-,-,-,-,-,-,15.81,15.91,15.61,14.98,14.48,14.29,14.81,13.84,13.49,12.64,12.13
Kota Bandar Lampung,7.38,9.63,11.22,9.44,15.41,14.39,14.58,13.61,12.65,10.85,10.6,10.33,10.15,9.94,9.04,8.71,8.81,9.11,8.21,7.77,7.37,6.95
Kota Metro,8.16,9.86,11.92,11.53,15.91,15.07,13.77,12.9,12.09,11.08,10.82,10.29,10.15,9.89,9.14,8.68,8.47,8.93,7.87,7.28,6.78,6.44
KEP. BANGKA BELITUNG,9.07,9.74,10.91,9.54,7.89,7.37,7.51,5.16,5.37,5.25,4.97,5.4,5.22,5.2,5.25,4.62,4.53,4.9,4.45,4.52,4.55,5
Bangka,8.94,10.33,11.78,10.53,8.79,7.61,7.81,5.36,5.58,5.4,5.2,5.63,5.52,5.1,5.47,4.92,4.51,4.81,4.26,4.32,4.24,4.71
Belitung,11.83,11.01,12.59,11.59,10.62,9.78,10.13,6.97,7.27,8.48,7.36,8.38,7.85,7.77,7.56,6.29,6.27,7.15,6.45,6.46,6.11,6.44
Bangka Barat,7.83,8.22,9.17,7.41,5.18,5.22,5.25,3.59,3.72,3.26,3.15,3.08,2.74,2.98,3.05,2.67,2.7,2.75,2.46,2.71,2.59,2.92
Bangka Tengah,9.05,10.74,11.61,10.36,8.52,7.84,8.07,5.56,5.78,5.46,5.27,5.67,5.64,6.07,5.81,5.02,4.85,5.13,4.86,5.29,5.94,6.7
Bangka Selatan,8.92,8.34,8.86,6.71,5.6,6.04,6.18,4.23,4.41,4.01,3.87,3.74,3.62,3.92,3.7,3.36,3.52,3.69,3.22,3.11,3.74,4.17
Belitung Timur,12.52,14.87,16.94,15.58,12.61,11.07,10.36,7.13,7.44,6.9,6.68,7.33,6.99,6.81,7.06,6.6,6.52,7.2,6.49,6.73,6.36,6.69
Kota Pangkal Pinang,5.95,6.63,7.6,6.85,5.74,5.79,6.02,4.15,4.29,4.15,4.04,4.97,5.02,4.8,4.95,4.25,4.36,4.76,4.55,4.27,4.04,4.5
KEPULAUAN RIAU,-,10.97,12.16,10.3,8.73,7.98,8.13,6.79,6.83,6.35,6.4,6.24,5.98,6.06,6.2,5.9,5.92,6.12,6.24,5.69,5.37,4.44
Karimun,6.16,9.49,8.35,8.69,7.29,6.48,7.21,5.93,6.37,6.69,6.85,6.6,6.77,7.41,6.9,6.61,6.83,6.85,6.87,5.95,5.78,5.16
Bintan,12.53,14.51,13.59,11.73,7.61,7.01,7.33,6.04,6.29,6.23,6.09,6.07,6.43,6.01,6.61,6.37,6.36,6.42,6.44,5.9,5.44,4.77
Natuna,5.19,9.35,10.57,8.74,4.83,4.35,4.83,4.06,4.25,3.78,4.11,4.34,4.33,4.64,4.68,4.42,4.43,4.95,5.32,5.25,5.04,4.81
Lingga,-,31,32.27,30.06,18.19,16.56,15.81,12.98,14.15,14.03,14.75,14.95,14.36,13.84,13.55,12.88,13.85,13.93,14.05,11.26,9.99,9.12
Kepulauan Anambas,-,-,-,-,-,-,4.8,3.95,4.17,4.47,4.91,6.58,6.73,6.87,6.93,6.44,6.56,7.09,7.51,6.95,6.67,6.35
Kota Batam,5.1,7.7,10,7.65,7.22,6.76,7.26,6.11,5.89,5.2,5.3,5.08,4.68,4.81,5.11,4.85,4.75,5.05,5.19,5.02,4.85,3.81
Kota Tanjung Pinang,10.4,13.24,14.85,12.92,14.3,13.42,12.6,10.52,11.03,10.4,9.94,9.56,9.34,9.29,9.24,9.03,9.37,9.57,9.85,7.95,6.86,5.96
DKI JAKARTA,3.18,3.61,4.57,4.61,3.86,3.8,4.04,3.64,3.7,3.72,4.09,3.93,3.75,3.77,3.57,3.47,4.53,4.72,4.69,4.44,4.3,4.28
Kepulauan Seribu,14.99,14.64,16.64,15.12,13.56,12.66,13.01,11.53,11.62,11.01,11.56,11.4,12.58,12.98,11.98,12.09,14.87,15.06,14.11,13.13,13.03,12.37
Kota Jakarta Selatan,2.25,3.36,3.74,3.74,3.41,3.52,3.81,3.43,3.49,3.47,3.72,3.41,3.27,3.14,2.83,2.73,3.43,3.56,3.52,3.1,3.03,3.23
Kota Jakarta Timur,2.51,2.85,3.55,4.02,3.39,3.42,3.41,3.06,3.12,3.1,3.43,3.24,3.19,3.31,3.14,3.12,4.16,4.28,4.3,4.2,4.09,3.94
Kota Jakarta Pusat,3.91,3.17,4.92,3.99,3.58,3.68,3.97,3.56,3.72,3.7,4.12,4.16,3.91,3.78,3.59,3.68,4.51,4.94,4.9,4.68,4.63,4.7
Kota Jakarta Barat,3.1,2.84,4.22,4.04,3.41,3.44,3.81,3.44,3.47,3.46,3.72,3.64,3.38,3.45,3.39,3.25,4.25,4.31,4.22,4.09,3.94,3.91
Kota Jakarta Utara,5.08,6.48,7.58,7.95,6.02,5.34,5.62,5.07,5.14,5.3,6,5.91,5.57,5.59,5.35,5.04,6.78,7.24,7.24,6.78,6.44,6.33
JAWA BARAT,12.1,13.06,14.49,13.55,12.74,11.58,10.93,10.57,9.88,9.61,9.18,9.53,8.95,8.71,7.45,6.91,7.88,8.4,8.06,7.62,7.46,7.02
Bogor,11.94,12.5,13.83,13.1,12.11,10.81,9.97,9.65,8.83,9.54,8.91,8.96,8.83,8.57,7.14,6.66,7.69,8.13,7.73,7.27,7.05,6.26
Sukabumi,14.7,16.57,17.66,15.98,13.26,11.78,10.65,10.28,9.79,9.24,8.81,8.96,8.13,8.04,6.76,6.22,7.09,7.7,7.34,7.01,6.87,6.41
Cianjur,17.36,17.57,19.81,18.49,15.38,14.14,14.32,13.82,13.18,12.02,11.47,12.21,11.62,11.41,9.81,9.15,10.36,11.18,10.55,10.22,10.14,9.82
Bandung,11.84,13.33,15.15,13.14,9.42,8.29,9.29,8.99,8.33,7.94,7.65,8,7.61,7.36,6.65,5.94,6.91,7.15,6.8,6.4,6.19,6.04
Garut,15.37,17.43,19.61,19.31,17.87,15.7,13.94,13.47,12.72,12.79,12.47,12.81,11.64,11.27,9.27,8.98,9.98,10.65,10.42,9.77,9.68,9.39
Tasikmalaya,16.14,18.23,20.27,18.15,14.7,13.5,12.78,12.36,11.76,11.57,11.26,11.99,11.24,10.84,9.85,9.12,10.34,11.15,10.73,10.28,10.23,10.15
Ciamis,14.73,15.07,16.13,13.94,12.32,11.23,10.34,9.98,9.63,8.62,8.38,8.98,8.42,8.2,7.22,6.65,7.62,7.97,7.72,7.42,7.39,7.19
Kuningan,18.95,18.65,18.69,17.58,16.75,15.91,14.68,14.2,13.7,13.34,12.72,13.97,13.59,13.27,12.22,11.41,12.82,13.1,12.76,12.12,11.88,10.74
Cirebon,16.59,18.59,21.13,19.07,20.25,18.22,16.12,15.56,14.96,14.65,14.22,14.77,13.49,12.97,10.7,9.94,11.24,12.3,12.01,11.2,11,10.23
Majalengka,17.42,19.39,21.82,19.77,18.79,17.12,15.51,14.98,14.46,14.07,13.42,14.19,12.85,12.6,10.79,10.06,11.43,12.33,11.94,11.21,10.82,10.31
Sumedang,11.74,13.34,15.12,15.63,15.18,13.69,12.94,12.48,11.87,11.31,10.78,11.36,10.57,10.53,9.76,9.05,10.26,10.71,10.14,9.36,9.1,8.81
Indramayu,16.49,18.43,20.66,20.96,19.75,17.99,16.58,16.01,15.44,14.99,14.29,14.98,13.95,13.67,11.89,11.11,12.7,13.04,12.77,12.13,11.93,11.02
Subang,14.67,16.67,18.9,16.84,15.15,14.13,13.54,13.06,12.49,12.35,11.73,12.27,11.05,10.77,8.67,8.12,9.31,10.03,9.75,9.52,9.49,9.23
Purwakarta,12.6,14.37,16.34,14.7,11.61,10.48,10.57,10.22,9.57,9.28,8.8,9.14,8.98,9.06,7.99,7.48,8.27,8.83,8.7,8.46,8.41,7.87
Karawang,13.28,14.93,16.51,14.83,14,12.9,12.21,11.8,11.11,10.69,10.15,10.37,10.07,10.25,8.06,7.39,8.26,8.95,8.44,7.87,7.86,7.08
Bekasi,6.35,7.01,7.58,6.66,5.89,5.97,6.11,5.93,5.25,5.2,4.97,5.27,4.92,4.73,4.37,4.01,4.82,5.21,5.01,4.93,4.8,4.36
Bandung Barat,-,-,-,18.7,17.61,16.03,14.68,14.22,13.35,12.92,12.26,12.67,11.71,11.49,10.06,9.38,10.49,11.3,10.82,10.52,10.49,9.87
Pangandaran,-,-,-,-,-,-,-,-,-,-,-,10.76,10.23,10,8.12,7.71,8.99,9.65,9.32,8.98,8.75,8.03
Kota Bogor,7.85,8.31,9.64,9.47,9.72,8.82,9.47,9.16,8.48,8.19,7.74,7.6,7.29,7.11,5.93,5.77,6.68,7.24,7.1,6.67,6.53,5.89
Kota Sukabumi,6.16,7.09,8.2,7.26,10.41,9.16,9.24,8.95,8.42,8.05,7.65,8.79,8.59,8.48,7.12,6.67,7.7,8.25,8.02,7.5,7.2,6.9
Kota Bandung,3.38,3.71,4.09,3.68,4.42,4.5,4.95,4.78,4.55,4.78,4.65,4.61,4.32,4.17,3.57,3.38,3.99,4.37,4.25,3.96,3.87,3.78
Kota Cirebon,7.52,6.91,8.7,8.7,14.11,13.06,12,11.56,11.1,10.54,10.03,10.36,9.73,9.66,8.88,8.41,9.52,10.03,9.82,9.16,9.02,8.66
Kota Bekasi,1.04,3.42,5.07,4.97,6.36,5.78,6.3,6.12,5.56,5.33,5.25,5.46,5.06,4.79,4.11,3.81,4.38,4.74,4.43,4.1,4.01,3.96
Kota Depok,4.84,2.88,2.48,2.42,2.69,2.93,2.84,2.75,2.46,2.32,2.32,2.4,2.34,2.34,2.14,2.07,2.45,2.58,2.53,2.38,2.34,2.31
Kota Cimahi,8.85,8.44,7.41,7.33,8.35,7.1,7.4,7.15,6.68,5.63,5.47,5.84,5.92,5.76,4.94,4.39,5.11,5.35,5.11,4.66,4.39,4.2
Kota Tasikmalaya,8.48,9.12,10.23,9.3,26.08,23.55,20.71,19.98,18.94,17.19,15.95,16.28,15.6,14.8,12.71,11.6,12.97,13.13,12.72,11.53,11.1,10.84
Kota Banjar,10.33,10.07,7.96,7.86,9.31,8.64,8.47,8.21,7.79,7.11,6.95,7.41,7.01,7.06,5.7,5.5,6.09,7.11,6.73,6.14,5.85,5.73
JAWA TENGAH,21.11,20.49,22.19,20.43,18.99,17.48,16.11,16.21,14.98,14.44,13.58,13.58,13.27,13.01,11.32,10.8,11.41,11.79,10.93,10.77,10.47,9.48
Cilacap,20.9,22.25,24.93,22.59,21.4,19.88,18.11,17.15,15.92,15.24,14.21,14.39,14.12,13.94,11.25,10.73,11.46,11.67,11.02,10.99,10.68,9.41
Banyumas,21.47,22.02,24.44,22.46,22.93,21.52,20.2,21.11,19.44,18.44,17.45,17.52,17.23,17.05,13.5,12.53,13.26,13.66,12.84,12.53,11.95,11.15
Purbalingga,31.2,29.95,32.38,30.24,27.12,24.97,24.58,23.06,21.19,20.53,19.75,19.7,18.98,18.8,15.62,15.03,15.9,16.24,15.3,14.99,14.18,12.55
Banjarnegara,26.91,27.35,29.4,27.18,23.34,21.36,19.17,20.38,18.87,18.71,17.77,18.37,17.46,17.21,15.46,14.76,15.64,16.23,15.2,14.9,14.71,13.28
Kebumen,30.95,29.83,32.49,30.25,27.87,25.73,22.7,24.06,22.4,21.32,20.5,20.44,19.86,19.6,17.47,16.82,17.59,17.83,16.41,16.34,15.71,13.58
Purworejo,23.51,22.77,22.75,20.49,18.22,17.02,16.61,17.51,16.32,15.44,14.41,14.27,13.91,13.81,11.67,11.45,11.78,12.4,11.53,11.33,10.87,10.06
Wonosobo,33.15,31.68,34.43,32.29,27.72,25.91,23.15,24.21,22.5,22.08,21.42,21.45,20.53,20.32,17.58,16.63,17.36,17.67,16.17,15.58,15.28,13.34
Magelang,16.1,15.42,17.36,17.37,16.49,15.19,14.14,15.18,13.97,13.96,12.98,13.07,12.67,12.42,11.23,10.67,11.27,11.91,11.09,10.96,10.83,9.9
Boyolali,18.47,17.75,20,18.06,17.08,15.96,13.72,14.97,13.88,13.27,12.36,12.45,12.09,11.96,10.04,9.53,10.18,10.62,9.82,9.81,9.63,8.71
Klaten,23.38,22.48,22.99,22.27,21.72,19.68,17.47,17.95,16.71,15.6,14.56,14.89,14.46,14.15,12.96,12.28,12.89,13.49,12.33,12.28,12.04,11
Sukoharjo,14.38,13.67,15.63,14.02,12.13,11.51,10.94,11.13,10.15,9.87,9.18,9.26,9.07,8.75,7.41,7.14,7.68,8.23,7.61,7.58,7.47,6.83
Wonogiri,24.43,25.21,27.01,24.44,20.71,19.08,15.67,15.74,14.67,14.02,13.09,12.98,13.12,12.9,10.75,10.25,10.86,11.55,10.99,10.94,10.71,9.59
Karanganyar,16.14,16.14,18.69,17.39,15.68,14.73,13.98,15.29,14.07,13.58,12.62,12.46,12.49,12.28,10.01,9.55,10.28,10.68,9.85,9.79,9.59,8.48
Sragen,26.06,24.28,23.72,21.24,20.83,19.7,17.49,17.95,16.72,15.93,14.87,14.86,14.38,14.02,13.12,12.79,13.38,13.83,12.94,12.87,12.41,11.22
Grobogan,29.3,28,27.6,25.14,19.84,18.68,17.86,17.38,16.13,14.87,13.86,13.68,13.57,13.27,12.31,11.77,12.46,12.74,11.8,11.72,11.43,10.63
Blora,22.97,21.73,23.95,21.46,18.79,17.7,16.27,16.24,15.1,14.64,13.66,13.52,13.33,13.04,11.9,11.32,11.96,12.39,11.53,11.49,11.42,10.58
Rembang,32,30.72,33.2,30.71,27.21,25.86,23.4,23.71,21.88,20.97,19.5,19.28,18.54,18.35,15.41,14.95,15.6,15.8,14.65,14.17,14.02,13.01
Pati,20.67,19.82,22.14,19.79,17.9,15.92,14.48,14.69,13.61,12.94,12.06,11.95,11.65,11.38,9.9,9.46,10.08,10.21,9.33,9.31,9.17,8.24
Kudus,11.44,10.93,12.05,10.73,12.58,10.8,9.01,9.45,8.63,8.62,7.99,7.73,7.65,7.59,6.98,6.68,7.31,7.6,7.41,7.24,7.23,6.59
Jepara,9.88,10.39,11.75,10.44,11.05,9.6,10.18,10.32,9.38,9.23,8.55,8.5,8.35,8.12,7,6.66,7.17,7.44,6.88,6.61,6.09,5.79
Demak,24.94,23.6,26.03,23.5,21.24,19.7,18.76,18.21,16.73,15.72,14.6,14.44,14.1,13.41,12.54,11.86,12.54,12.92,12.09,12.01,11.89,10.87
Semarang,13.68,13.16,13.62,12.34,11.37,10.66,10.5,10.3,9.4,8.51,8.05,8.15,7.99,7.78,7.29,7.04,7.51,7.82,7.27,7.17,6.96,6.3
Temanggung,15.22,14.5,16.62,16.55,16.39,15.05,13.46,13.38,12.32,12.42,11.55,11.76,11.6,11.46,9.87,9.42,9.96,10.17,9.33,9.26,8.67,7.78
Kendal,20.87,20.06,21.59,20.7,17.87,16.02,14.47,14.26,13.17,12.68,11.8,11.62,11.37,11.1,9.84,9.41,9.99,10.24,9.48,9.39,9.35,8.4
Batang,19.01,18.15,19.99,20.79,18.08,16.61,14.67,13.47,12.4,11.96,11.13,11.27,11.04,10.8,8.69,8.35,9.13,9.68,8.98,8.92,8.73,7.79
Pekalongan,21.5,20.47,22.8,20.31,19.52,17.93,16.29,15,13.85,13.51,12.57,12.84,12.9,12.61,10.06,9.71,10.19,10.57,9.67,9.67,8.95,8.05
Pemalang,22.31,22.59,25.3,22.79,23.92,22.17,19.96,20.68,19.27,19.27,18.44,18.3,17.58,17.37,16.04,15.41,16.02,16.56,15.06,15.03,14.92,13.32
Tegal,20.53,19.6,20.71,18.5,15.78,13.98,13.11,11.54,10.75,10.58,9.87,10.09,10.1,9.9,7.94,7.64,8.14,8.6,7.9,7.3,6.81,6.16
Brebes,29.1,27.79,30.36,27.93,25.98,24.39,23.01,22.72,21.12,20.82,20,19.79,19.47,19.14,17.17,16.22,17.03,17.43,16.05,15.78,15.6,14.15
Kota Magelang,14.01,12.94,11.19,10.01,11.16,10.11,10.51,11.06,10.31,9.8,9.14,9.05,8.79,8.75,7.87,7.46,7.58,7.75,7.1,6.11,5.94,5.68
Kota Surakarta,13.72,13.34,15.21,13.64,16.13,14.99,13.96,12.9,12,11.74,10.95,10.89,10.88,10.65,9.08,8.7,9.03,9.4,8.84,8.44,8.31,7.69
Kota Salatiga,9.68,8.81,8.9,9.01,8.47,7.82,8.28,7.8,7.11,6.4,5.93,5.8,5.24,5.07,4.84,4.76,4.94,5.14,4.73,4.66,4.57,4.2
Kota Semarang,5.6,4.22,5.33,5.26,6,4.84,5.12,5.68,5.13,5.25,5.04,4.97,4.85,4.62,4.14,3.98,4.34,4.56,4.25,4.23,4.03,3.8
Kota Pekalongan,6.81,6.37,7.38,6.62,10.29,8.56,9.36,10.04,9.47,8.26,8.02,8.09,7.92,7.47,6.75,6.6,7.17,7.59,7,6.81,6.71,6.14
Kota Tegal,9.49,8.96,10.4,9.36,11.28,9.88,10.62,10.81,10.04,8.84,8.54,8.26,8.2,8.11,7.81,7.47,7.8,8.12,7.91,7.68,7.64,7.28
D I YOGYAKARTA,19.14,18.95,19.15,18.99,18.02,16.86,15.63,16.14,15.88,15.03,14.55,14.91,13.34,13.02,12.13,11.7,12.28,12.8,11.34,11.04,10.83,10.23
Kulon Progo,25.11,26.8,28.39,28.61,26.85,24.65,23.15,23.62,23.31,21.39,20.64,21.4,20.3,20.03,18.3,17.39,18.01,18.38,16.39,15.64,15.62,14.53
Bantul,18.55,18.21,20.25,19.43,18.54,17.64,16.09,17.28,16.97,16.48,15.89,16.33,14.55,14.07,13.43,12.92,13.5,14.04,12.27,11.96,11.66,11.54
Gunung Kidul,25.19,27.29,28.45,28.9,25.96,24.44,22.05,23.03,22.71,21.7,20.83,21.73,19.34,18.65,17.12,16.61,17.07,17.69,15.86,15.6,15.18,14.15
Sleman,15.53,14.06,12.7,12.56,12.34,11.45,10.7,10.61,10.44,9.68,9.5,9.46,8.21,8.13,7.65,7.41,8.12,8.64,7.74,7.52,7.46,6.71
Kota Yogyakarta,12.77,10.5,10.22,9.78,10.81,10.05,9.75,9.62,9.38,8.82,8.67,8.75,7.7,7.64,6.98,6.84,7.27,7.69,6.62,6.49,6.26,6.14
JAWA TIMUR,20.08,19.95,21.09,19.98,18.19,16.22,14.87,13.85,13.08,12.73,12.28,12.34,12.05,11.77,10.98,10.37,11.09,11.4,10.38,10.35,9.79,9.5
Pacitan,24.73,24.25,25.39,23.31,21.17,19.01,19.5,18.13,17.29,16.73,16.18,16.68,15.49,15.42,14.19,13.67,14.54,15.11,13.8,13.65,13.08,12.97
Ponorogo,17.61,17.6,18.45,18.23,16.62,14.63,13.22,12.29,11.76,11.92,11.53,11.91,11.75,11.39,10.36,9.64,9.95,10.26,9.32,9.53,9.11,8.86
Trenggalek,24.09,23.17,24.74,22.79,20.64,18.27,16,14.9,14.21,13.56,13.1,13.39,13.24,12.96,12.02,10.98,11.62,12.14,10.96,10.63,10.5,10.29
Tulungagung,16.44,17.56,19.44,17.83,12.41,10.6,10.64,9.9,9.4,9.07,8.75,8.57,8.23,8.04,7.27,6.74,7.33,7.51,6.71,6.53,6.28,5.96
Blitar,16.13,16.11,17.91,16.47,14.53,13.19,12.13,11.29,10.74,10.57,10.22,9.97,9.88,9.8,9.72,8.94,9.33,9.65,8.71,8.69,8.16,7.57
Kediri,17.27,17.64,19.28,18.98,18.85,17.05,15.52,14.44,13.71,13.23,12.77,12.91,12.72,12.25,11.31,10.42,11.4,11.64,10.65,10.72,9.95,9.81
Malang,16.22,16.17,17.1,15.66,15.08,13.57,12.54,11.67,11.04,11.48,11.07,11.53,11.49,11.04,10.37,9.47,10.15,10.5,9.55,9.45,8.98,8.78
Lumajang,17.96,18.95,20.02,20.09,18.17,15.83,13.98,13.01,12.4,12.14,11.75,11.52,11.22,10.87,9.98,9.49,9.83,10.05,9.06,8.93,8.65,8.6
Jember,17.24,18.55,18.54,18.57,17.74,15.43,13.27,12.44,11.81,11.68,11.28,11.22,10.97,11,9.98,9.25,10.09,10.41,9.39,9.51,9.01,8.67
Banyuwangi,15.9,15.58,16.64,15.33,13.91,12.16,11.25,10.47,9.97,9.61,9.29,9.17,8.79,8.64,7.8,7.52,8.06,8.07,7.51,7.34,6.54,6.13
Bondowoso,24.36,24.31,26.23,24.23,22.23,20.18,17.89,16.66,15.81,15.29,14.76,14.96,15,14.54,14.39,13.33,14.17,14.73,13.47,13.34,12.6,12.2
Situbondo,18.54,18.51,17.43,15.6,18.02,15.99,16.23,15.11,14.34,13.65,13.15,13.63,13.34,13.05,11.82,11.2,12.22,12.63,11.78,11.9,11.51,11.17
Probolinggo,26.17,26.08,28.06,27.42,30.13,27.69,25.22,23.48,22.22,21.21,20.44,20.82,20.98,20.52,18.71,17.76,18.61,18.91,17.12,17.19,16.45,16.31
Pasuruan,20.27,20.16,21.67,19.88,18.04,15.58,13.18,12.26,11.58,11.26,10.86,10.72,10.57,10.34,9.45,8.68,9.26,9.7,8.96,9.24,8.63,8.21
Sidoarjo,12.77,14.02,12.97,13.05,8.35,6.91,7.45,6.97,6.44,6.72,6.4,6.44,6.39,6.23,5.69,5.32,5.59,5.93,5.36,5,4.53,4.4
Mojokerto,16.09,16,16.9,14.86,14.61,13.24,12.23,11.38,10.71,10.99,10.56,10.57,10.61,10.19,10.08,9.75,10.57,10.62,9.71,9.8,9.37,8.79
Jombang,24.13,24.07,23.34,21.21,16.46,14.46,13.84,12.88,12.23,11.17,10.8,10.79,10.7,10.48,9.56,9.22,9.94,10,9.04,9.15,8.6,8.36
Nganjuk,23.38,23.35,25.83,23.79,19.77,17.22,14.91,13.88,13.22,13.6,13.14,12.69,12.25,11.98,12.11,11.24,11.62,11.85,10.7,10.89,10.17,10.06
Madiun,23.71,21.32,22.66,20.98,18.5,16.97,15.45,14.37,13.7,12.45,12.04,12.54,12.69,12.28,11.42,10.54,11.46,11.91,10.79,11.04,10.63,10.4
Magetan,17.14,17.12,18.27,16.87,15.67,13.97,12.94,12.01,11.5,12.19,11.8,11.35,11.03,10.48,10.31,9.61,10.35,10.66,9.84,9.8,9.32,9.14
Ngawi,25.26,23.43,25.31,23.33,20.86,19.01,18.26,16.74,15.99,15.45,14.88,15.61,15.27,14.91,14.83,14.39,15.44,15.57,14.15,14.4,13.81,13.62
Bojonegoro,27.7,27.12,28.38,26.37,23.87,21.27,18.78,17.47,16.66,16.02,15.48,15.71,14.6,14.34,13.16,12.38,12.87,13.27,12.21,12.18,11.69,11.49
Tuban,28.36,28.28,30.52,28.51,25.84,23.01,20.19,18.78,17.84,17.23,16.64,17.08,17.14,16.87,15.31,14.58,15.91,16.31,15.02,14.91,14.36,14.13
Lamongan,25.74,23.13,25.74,25.79,22.51,20.47,18.7,17.41,16.7,16.18,15.68,15.38,14.89,14.42,13.8,13.21,13.85,13.86,12.53,12.42,12.16,12.03
Gresik,23.07,22.95,25.19,23.98,21.43,19.14,16.42,15.33,14.35,13.94,13.41,13.63,13.19,12.8,11.89,11.35,12.4,12.42,11.06,10.96,10.32,9.95
Bangkalan,32.88,32.81,33.53,31.56,32.7,30.45,28.12,26.22,24.7,23.23,22.38,22.57,21.41,21.32,19.59,18.9,20.56,21.57,19.44,19.35,18.66,18.25
Sampang,39.75,39.68,41.03,39.42,34.53,31.94,32.47,30.21,27.97,27.08,25.8,25.69,24.11,23.56,21.21,20.71,22.78,23.76,21.61,21.76,20.83,20.61
Pamekasan,32.39,32.46,34.14,32.43,26.32,24.32,22.47,20.94,19.61,18.53,17.74,17.41,16.7,16,14.47,13.95,14.6,15.3,13.93,13.85,13.41,12.77
Sumenep,30.34,32.5,34.86,32.98,29.46,26.89,24.61,23.1,21.96,21.22,20.49,20.2,20.09,19.62,20.16,19.48,20.18,20.51,18.76,18.7,17.78,17.02
Kota Kediri,13.58,13.62,13.85,13.67,11.71,10.41,9.31,8.63,8.14,8.23,7.95,8.51,8.4,8.49,7.68,7.16,7.69,7.75,7.23,7.15,6.51,6.04
Kota Blitar,11.75,11.67,11.99,12.02,9.34,7.56,7.63,7.12,6.75,7.42,7.15,7.29,7.18,8.03,7.44,7.13,7.78,7.89,7.37,7.3,6.75,6.6
Kota Malang,7.22,7.2,7.42,7.19,7.22,5.58,5.9,5.5,5.21,4.87,4.8,4.6,4.33,4.17,4.1,4.07,4.44,4.62,4.37,4.26,3.91,3.85
Kota Probolinggo,18.07,17.98,17.82,16.19,23.29,21.06,19.03,17.74,10.92,8.55,8.37,8.17,7.97,7.84,7.2,6.91,7.43,7.44,6.65,6.48,6.18,5.69
Kota Pasuruan,12.5,12.43,13.71,12.61,11.2,9.34,9,8.39,7.9,7.6,7.34,7.47,7.62,7.53,6.77,6.46,6.66,6.88,6.37,6.6,6.32,6.18
Kota Mojokerto,10.76,10.7,10.72,10.46,8.88,7.19,7.41,6.89,6.48,6.65,6.42,6.16,5.73,5.73,5.5,5.15,6.24,6.39,5.98,5.77,5.57,5.05
Kota Madiun,9.09,9.11,7.87,7.07,6.69,5.93,6.11,5.66,5.37,5.02,4.86,4.89,5.16,4.94,4.49,4.35,4.98,5.09,4.76,4.74,4.38,3.89
Kota Surabaya,9.21,7.35,8.08,7.98,8.23,6.72,7.07,6.58,6.25,6,5.79,5.82,5.63,5.39,4.88,4.51,5.02,5.23,4.72,4.65,3.96,3.56
Kota Batu,11.36,9.85,11.61,9.71,6.18,4.81,5.08,4.74,4.47,4.77,4.59,4.71,4.48,4.31,3.89,3.81,3.89,4.09,3.79,3.31,3.06,2.86
BANTEN,8.58,8.86,9.79,9.07,8.2,7.46,7.02,6.26,5.71,5.89,5.51,5.9,5.42,5.45,5.24,5.09,5.92,6.66,6.16,6.17,5.84,5.63
Pandeglang,13.77,13.89,15.82,15.64,12.55,12.01,11.14,9.8,9.28,10.25,9.5,10.43,9.67,9.74,9.61,9.42,9.92,10.72,9.32,9.27,9.18,8.51
Lebak,12.09,12.29,14.55,14.43,12.05,10.63,10.38,9.2,8.63,9.5,9.17,9.97,8.71,8.64,8.41,8.3,9.24,10.29,8.91,8.68,8.44,8.03
Tangerang,7.7,7.5,8.28,7.18,7.41,6.55,7.18,6.42,5.71,5.78,5.26,5.71,5.29,5.39,5.18,5.14,6.23,7.12,6.92,6.93,6.55,6.42
Serang,9.11,10.47,9.55,9.47,6.48,5.8,6.34,5.63,5.28,5.02,4.87,5.09,4.58,4.63,4.3,4.08,4.94,5.49,4.96,4.85,4.51,4.48
Kota Tangerang,4.19,4.39,6.41,4.92,6.83,6.42,6.88,6.14,5.56,5.26,4.91,5.04,4.94,4.95,4.76,4.43,5.22,5.93,5.77,5.89,5.43,5.19
Kota Cilegon,4.42,5.55,4.99,4.71,3.95,4.14,4.46,3.98,3.82,3.99,3.81,4.1,3.57,3.52,3.25,3.03,3.69,4.24,3.64,3.98,3.75,3.44
Kota Serang,-,-,-,-,-,6.19,7.02,6.25,5.7,5.92,5.7,6.28,5.58,5.57,5.36,5.28,6.06,6.79,5.94,6.2,5.65,5.51
Kota Tangerang Selatan,-,-,-,-,-,-,1.67,1.5,1.33,1.75,1.68,1.69,1.67,1.76,1.68,1.68,2.29,2.57,2.5,2.57,2.36,2.39
BALI,6.85,6.72,7.08,6.63,5.85,4.88,5.67,4.59,3.95,4.49,4.76,4.74,4.25,4.25,4.01,3.79,3.78,4.53,4.57,4.25,4,3.72
Jembrana,7.04,9.11,10.49,9.92,7.97,6.8,8.11,6.56,5.74,5.56,5.83,5.84,5.33,5.38,5.2,4.88,4.51,5.06,5.3,4.96,4.51,4.33
Tabanan,8.59,9.23,7.84,7.46,6.92,4.99,6.96,5.62,4.9,5.21,5.61,5.52,5,4.92,4.46,4.21,4.27,5.12,5.18,4.7,4.4,4.23
Badung,5,5.25,4.57,4.28,3.28,3.28,3.23,2.62,2.16,2.46,2.54,2.33,2.06,2.06,1.98,1.78,2.02,2.62,2.53,2.3,2.23,1.9
Gianyar,7.22,5.09,6.33,5.98,6.61,5.76,6.68,5.4,4.69,4.27,4.57,4.61,4.44,4.46,4.19,3.88,4.08,4.85,4.7,4.47,4,3.71
Klungkung,7.55,8.15,9.52,9.14,7.03,5.23,7.58,6.1,5.37,7.01,7.01,6.91,6.35,6.29,5.86,5.4,4.87,5.64,6.07,5.61,5.3,5.18
Bangli,6.25,6.69,7.87,7.48,6.12,5.18,6.41,5.16,4.52,5.45,5.86,5.73,5.22,5.23,4.89,4.44,4.19,5.09,5.28,5.28,5.06,4.83
Karangasem,6.51,7.67,9.42,8.95,7.67,6.37,7.95,6.43,5.63,6.88,7.3,7.44,6.61,6.55,6.28,6.25,5.91,6.78,6.98,6.56,6.52,6.4
Buleleng,10.13,9.2,9.18,8.68,7.45,5.95,7.35,5.93,5.19,6.31,6.79,6.74,5.79,5.74,5.36,5.19,5.32,6.12,6.21,5.85,5.39,5.2
Kota Denpasar,2.95,2.16,2.69,2.1,2.19,2.2,2.21,1.79,1.52,2.07,2.21,2.39,2.15,2.27,2.24,2.1,2.14,2.96,2.97,2.68,2.59,2.16
NUSA TENGGARA BARAT,25.38,25.92,27.17,24.99,23.4,21.88,21.58,19.67,18.02,17.25,17.05,17.1,16.48,16.07,14.75,14.56,13.97,14.14,13.68,13.85,12.91,11.78
Lombok Barat,31.87,31.6,31.24,28.97,25.97,24.02,21.59,19.7,17.91,17.43,17.11,17.38,16.73,16.46,15.2,15.17,14.28,14.47,13.39,13.67,12.65,11.9
Lombok Tengah,27.1,26.52,27.98,25.74,22.32,20.94,19.92,18.14,16.72,16.2,16.03,16.26,15.8,15.31,13.87,13.63,13.44,13.44,12.89,12.93,12.07,10.68
Lombok Timur,26.83,27.01,27.74,25.6,25.43,23.96,23.82,21.71,20.08,19.16,19,19.14,18.46,18.28,16.55,16.15,15.24,15.38,15.14,15.63,14.51,13.53
Sumbawa,26.35,28.81,30.99,28.78,25.31,23.85,21.74,19.82,18.26,17.04,16.87,16.73,16.12,15.31,14.08,13.9,13.65,13.91,13.5,13.91,12.87,11.79
Dompu,26.49,28,30.68,28.57,24.52,21.76,19.89,18.17,16.58,14.24,15.46,15.11,14.23,13.43,12.4,12.25,12.16,12.6,12.4,12.62,11.59,11.15
Bima,22.38,24.93,27.4,25.12,21.79,20.42,19.41,17.66,16.23,16.24,16.04,15.78,15.31,15.1,14.84,14.76,14.49,14.88,14.5,14.39,13.88,12.59
Sumbawa Barat,-,27.98,30.5,28.63,24.27,23.01,21.81,19.88,17.61,17.1,16.87,16.97,16.5,15.96,14.17,13.85,13.34,13.54,13.02,12.95,12.23,10.98
Lombok Utara,-,-,-,-,-,-,43.12,39.27,35.99,35.88,34.27,34.13,33.21,32.06,28.83,29.03,26.99,27.04,25.93,25.8,23.96,20.74
Kota Mataram,9.37,10.03,11.71,9.67,16.13,15.41,14.44,13.18,11.88,10.75,10.53,10.45,9.8,9.55,8.96,8.92,8.47,8.65,8.63,8.62,8,7.15
Kota Bima,13.43,13.4,13.99,11.85,14.38,13.65,12.81,11.69,10.54,9.91,9.74,9.85,9.51,9.27,8.79,8.6,8.35,8.88,8.8,8.67,8.12,7.33
NUSA TENGGARA TIMUR,27.86,28.19,29.34,27.51,25.68,23.41,21.76,20.48,20.41,20.24,19.6,22.61,22.19,21.85,21.35,21.09,20.9,20.99,20.05,19.96,19.48,18.6
Sumba Barat,42.04,42.77,45.18,42.74,37.85,35.39,31.71,29.84,29.35,28.92,27.79,30.56,29.34,29.28,28.51,28.29,28.17,28.39,27.47,27.17,26.52,26.47
Sumba Timur,40.32,41.15,41.62,39.08,37.14,34.68,32.41,30.63,30.08,28.58,27.63,31.74,31.43,31.03,30.13,30.02,29.65,29.68,28.22,28.08,27.04,25.64
Kupang,32.68,33.54,33.84,31.32,26.95,24.16,20.78,19.54,19.96,20.06,19.05,23.37,23.43,22.91,23.1,23.03,22.77,22.98,21.7,21.78,21.37,20.32
Timor Tengah Selatan,37.38,37.64,39.93,37.43,33.55,31.14,28.7,26.96,27.3,27.81,26.79,31.12,29.89,29.44,28.06,27.87,27.49,26.64,25.45,25.18,24.68,24.5
Timor Tengah Utara,30.65,31.53,32.65,30.12,27.74,24.96,22.72,21.33,21.37,21.59,20.89,25.2,24.07,23.52,22.31,22.45,22.28,22.62,21.5,21.85,20.89,20.17
Belu,20.51,20.74,20.09,21.02,19.69,17.47,15.48,14.61,14.42,14.58,14.24,16.81,15.82,15.95,15.7,15.54,15.37,15.68,14.84,14.3,13.86,12.79
Alor,29.06,29.87,30.99,28.49,25.14,22.84,21.16,19.97,19.88,20.11,19.48,22.92,22.35,21.67,21.63,21.59,21.09,21.09,20.25,19.97,19.87,18.29
Lembata,34.56,35.79,36.97,34.45,29.24,26.39,26.74,25.17,24.56,23.25,22.32,27.13,26.26,26.48,26.45,26.3,26.14,26.21,25.18,24.78,24.22,23.27
Flores Timur,15.35,15.86,16.54,14.38,13.21,11.04,9.61,9.06,9.06,8.1,7.83,9.66,10.31,10.75,11.05,10.9,10.84,11.14,10.75,11.77,11.25,10.88
Sikka,19.2,19.91,21.69,19.15,17.34,15.35,13.38,12.63,12.72,12.66,12.27,14.28,14.33,14.2,13.82,13.53,13.12,13.35,12.61,12.56,11.89,11.25
Ende,20.86,20.09,22.43,20.33,24.87,23.01,21.64,20.37,20.53,21.03,20.37,23.49,23.89,23.95,24.2,23.18,23.76,24.13,23,22.86,22.57,21.31
Ngada,15.54,15.99,16.78,17.28,15.49,13.54,12.05,11.36,11.25,11.19,10.76,12.81,12.69,12.77,12.94,12.48,12.51,12.58,11.93,12.06,11.87,11.22
Manggarai,31.31,31.89,33.87,31.41,28.57,25.76,22.9,21.39,21.33,20.96,20.22,23.18,22.5,21.91,20.83,20.55,20.34,20.48,19.84,19.69,19.01,18.1
Rote Ndao,27.45,27.43,27.83,28.26,36.58,34.09,32.79,30.99,28.86,28.25,26.85,30.49,29.6,28.81,28.08,27.95,27.54,28.08,27.45,27.05,25.78,24.37
Manggarai Barat,29.13,29.28,30.19,27.96,25.05,22.96,20.39,19.27,18.74,18.21,17.2,20.12,19.35,18.86,18.14,18.01,17.71,17.92,17.15,16.82,16.74,16.09
Sumba Tengah,-,-,-,42.96,38.65,35.83,34.02,32.1,31.82,31.93,31.4,36.22,36.55,36.01,34.85,34.62,34.49,34.27,32.51,31.78,30.84,29.23
Sumba Barat Daya,-,-,-,43.05,36.45,34.27,29.87,27.93,27.47,26.87,25.78,30.01,30.63,30.13,28.88,28.06,28,28.18,27.16,27.48,27.2,25.66
Nagekeo,-,-,-,16.05,14.53,13.03,12.7,12.01,12.08,12.08,12.02,14.38,13.61,13.48,12.98,12.85,12.61,12.91,12.05,12.33,12.3,12.18
Manggarai Timur,-,-,-,-,-,25.51,25.93,24.52,24.38,24.85,24.01,28.64,27.71,26.8,26.5,26.49,26.52,26.5,25.35,25.06,24.9,23.51
Sabu Raijua,-,-,-,-,-,-,41.13,39.49,32.37,31.02,29.48,33.17,32.44,31.07,30.83,30.52,30.18,30.13,28.73,28.37,28.13,27.18
Malaka,-,-,-,-,-,-,-,-,-,-,-,17.28,16.66,16.52,16.34,16.12,16.04,16.33,15.26,14.42,13.92,13.52
Kota Kupang,10.65,8.36,8.71,7.5,14.66,12.51,10.56,9.88,9.33,9.12,8.7,10.21,9.97,9.81,9.61,9.22,8.96,9.17,8.61,8.61,8.24,7.57
KALIMANTAN BARAT,13.91,14.24,15.24,12.91,10.87,9.05,9.1,8.48,7.96,8.74,8.07,8.03,7.87,7.88,7.77,7.49,7.17,7.15,6.73,6.71,6.32,6.16
Sambas,14.46,15.1,16.77,14,11.51,9.96,10.08,9.38,8.87,9.9,9.46,9.42,8.54,8.59,8.55,8.19,7.7,7.66,6.92,7.08,6.53,6.37
Bengkayang,15.18,13.63,14.63,11.88,9.41,7.82,7.81,7.25,6.73,8.01,7.2,6.94,7.46,7.51,7.17,6.96,6.62,6.48,6.03,6.28,6,5.83
Landak,24.68,25.87,27.82,24.95,18.65,15.48,14.05,13.13,12.4,14.18,13.71,13.51,12.32,12.23,11.77,11.47,11.12,10.99,10.01,9.97,8.98,8.9
Mempawah,11.45,9.82,10.95,8.26,7.81,5.46,6.41,5.97,5.64,6.3,6,5.52,5.75,5.94,5.61,5.32,4.95,5.18,5.32,5.21,4.83,4.49
Sanggau,10.93,9.84,10.55,7.97,6.25,4.62,5.02,4.67,4.4,4.71,4.47,4.57,4.51,4.52,4.67,4.57,4.46,4.55,4.51,4.79,4.67,4.61
Ketapang,18.35,19.23,20.76,17.94,15.21,13.08,13.67,12.75,11.9,12.85,11.6,11.72,10.99,11.02,10.93,10.54,10.29,10.13,9.39,9.25,8.5,8.44
Sintang,16.61,19.09,19.8,17.1,13.61,11.55,9.76,9.07,8.55,10.09,9.11,9.33,10.07,10.2,10.35,9.65,9.27,9.28,8.57,8.18,8.03,7.93
Kapuas Hulu,16.06,16.9,17.76,15.05,11.44,9.93,11.39,10.61,9.94,11.11,10.03,9.66,9.82,9.45,9.6,9.62,8.99,8.93,8.59,8.16,7.4,6.86
Sekadau,-,11.76,12.57,10.25,7.66,6.42,6.77,6.3,5.93,6.93,6.31,6.5,6.14,6.46,6.17,6.11,5.87,6.26,5.85,5.9,5.66,5.61
Melawi,-,20.63,22.05,19.5,14.8,12.62,13.76,12.93,12.09,13.7,12.4,12.57,12.63,12.54,12.83,12.38,12.04,12.01,11.44,11.12,10.62,10.51
Kayong Utara,-,-,-,18.9,14.5,12.43,11.68,10.91,10.15,10.87,9.55,9.84,10.19,9.89,10.08,9.98,9.56,9.33,9.04,9.13,8.84,8.75
Kubu Raya,-,-,-,-,8.47,6.78,7.14,6.67,6.27,6.04,5.45,5.22,5.04,5.26,5.07,4.74,4.42,4.34,4.12,4.23,4.08,3.99
Kota Pontianak,6.47,6.84,7.15,6.77,9.29,6.38,6.62,6.15,5.76,5.56,5.15,5.22,5.55,5.31,5,4.88,4.7,4.58,4.46,4.45,4.2,4
Kota Singkawang,9.78,10.33,8.32,7.02,7.89,6.2,6.12,5.69,5.31,6.5,5.88,5.76,5.33,5.42,5.12,4.91,4.53,4.83,4.67,4.7,4.53,4.28
KALIMANTAN TENGAH,10.44,10.73,11,9.38,8.36,7.01,7.52,6.64,6.19,6.23,6.07,5.94,5.66,5.37,5.17,4.98,4.82,5.16,5.28,5.11,5.17,5.19
Kotawaringin Barat,8.58,8.79,8.88,8.66,7.76,6.87,6.97,6.19,5.63,5.44,5.27,5.07,4.96,4.52,4.27,4.11,3.59,3.95,3.93,4.18,4.11,4.27
Kotawaringin Timur,12.02,12.41,13.74,11.33,10.4,8.21,8.36,7.43,6.9,6.85,6.67,6.42,6.32,6.24,6.21,5.9,5.62,5.91,5.95,5.69,5.66,5.83
Kapuas,10.61,10.98,10.68,9.3,8.25,6.34,7.11,6.28,6.1,6.19,6.12,6.03,5.7,5.32,5.2,5.09,5.04,5.35,5.52,5.21,5.25,5.48
Barito Selatan,12.06,12.15,12.43,10.43,9.25,8.14,8.56,7.56,7.25,6.26,6.13,5.07,4.58,4.44,4.55,4.39,4.45,4.62,4.88,4.72,4.83,4.94
Barito Utara,9.62,9.95,9.9,8.61,7.56,6.43,7.18,6.33,6.1,5.98,5.88,5.93,5.38,5.21,5,4.95,5.17,5.61,5.8,5.35,5.67,5.52
Sukamara,10.42,10.49,11.28,9,7.92,5.91,6.63,5.9,5.36,4.56,4.29,4.32,3.73,3.36,3.19,3.16,3.23,3.66,3.72,3.96,4.14,4.02
Lamandau,9.33,9.6,10.08,7.76,6.97,5.57,5.81,5.18,4.66,4.87,4.66,3.95,3.8,3.52,3.15,3.01,3.09,3.56,3.34,3.12,3.25,3.33
Seruyan,12.85,13.28,13.47,11.25,10.21,8.84,9.98,8.82,7.91,8.77,8.39,8.5,8.08,7.46,7.43,7.19,6.85,7.22,7.43,7.12,7.08,6.72
Katingan,11.84,11.91,10.18,8.68,7.74,7,7.56,6.47,6.1,6.55,6.42,6.53,6.23,5.78,5.22,5.02,4.79,5.25,5.5,4.99,5.26,5.3
Pulang Pisau,10.04,10.41,10.86,9.18,8.2,6.23,6.18,5.45,5.24,5.45,5.35,5.65,5.49,5.19,4.51,4.24,4.09,4.24,4.7,4.58,4.56,4.79
Gunung Mas,10.17,10.54,11.41,9.29,8.32,7.43,8.06,7.12,6.56,6.9,6.7,6.17,5.85,5.83,5.1,4.91,4.75,5.35,5.64,5.47,5.68,5.48
Barito Timur,13.14,13.54,14.05,12.34,11.09,9.24,10.5,9.27,8.52,8.83,8.55,8.41,7.64,7.17,6.56,6.32,6.09,6.38,6.59,6.63,6.66,6.1
Murung Raya,9.87,10.24,11.04,8.91,7.95,6.94,7.05,6.3,5.78,6.44,6.24,6.57,6.32,5.88,6.28,6,5.85,6.15,6.4,6.44,6.58,6.19
Kota Palangka Raya,6.45,6.63,6.98,5.75,4.64,4.76,5.31,4.69,4.24,3.94,3.81,3.91,3.75,3.62,3.47,3.35,3.44,3.75,3.61,3.44,3.52,3.62
KALIMANTAN SELATAN,7.19,7.23,8.32,7.01,6.21,5.44,5.65,5.35,5.01,4.76,4.81,4.99,4.85,4.73,4.54,4.55,4.38,4.83,4.49,4.29,4.11,3.84
Tanah Laut,7.97,9.19,9.18,7.62,6.06,5.11,5.12,4.85,4.55,4.33,4.38,4.58,4.65,4.6,4.4,4.51,4.26,4.57,3.86,3.73,3.74,3
Kota Baru,6.04,8.09,10,8.61,6.75,5.55,5.45,5.18,4.85,4.73,4.76,4.62,4.56,4.38,4.52,4.49,4.22,4.86,4.3,4.32,4.45,4.39
Banjar,6.9,5.18,4.82,4.24,3.68,3.69,3.34,3.17,2.97,2.84,2.87,3.26,3.1,2.96,2.7,2.72,2.55,3.04,2.79,2.44,2.36,2.74
Barito Kuala,6.85,7.1,9.07,8.17,7.18,5.61,5.72,5.41,5.12,5.12,5.19,5.37,5.22,5.13,4.56,4.63,4.51,5.11,4.75,4.6,4.36,4.31
Tapin,7.96,8.12,10.14,8.42,6.1,4.93,5.57,5.29,4.99,3.41,3.63,3.88,3.7,3.77,3.7,3.41,3.06,3.6,3.6,3.19,3.33,2.91
Hulu Sungai Selatan,10.62,8.86,10.97,9.68,9.32,7.32,7.66,7.25,6.9,6.67,6.77,6.45,6.29,5.8,5.21,5.33,5.17,4.84,4.54,4.01,3.38,3.12
Hulu Sungai Tengah,9.94,9.09,10.39,8.14,7.12,5.73,6.31,5.98,5.68,5.57,5.65,5.81,6.18,6.09,6.01,5.93,5.64,6.18,5.92,5.84,5.81,5.03
Hulu Sungai Utara,10.7,11.91,13.38,11.16,8.53,7.29,7.76,7.31,6.94,6.92,7,7.07,6.76,6.65,6.38,6.5,6.14,6.83,6.49,6.25,5.75,4.81
Tabalong,10.24,10.57,13.04,11.25,8.13,6.83,6.53,6.22,5.83,6.15,6.21,6.59,6.35,6.09,5.95,6.01,5.72,6.27,5.87,5.77,5.64,4.67
Tanah Bumbu,6.51,8.26,10.21,8.22,5.79,5.89,6.48,6.17,5.47,5.2,5.21,5.55,5.27,4.99,4.88,4.85,4.6,4.82,4.26,4.12,3.41,3.13
Balangan,11.15,11.47,13.65,11.35,7.75,7.22,7.74,7.31,6.85,6.17,6.29,5.87,5.67,5.68,5.59,5.55,5.32,6.07,5.83,5.22,4.87,4.64
Kota Banjarmasin,3.2,2.92,3.21,2.9,4.77,4.8,5.04,4.77,4.51,4.21,4.27,4.44,4.22,4.19,4.18,4.2,4.39,4.89,4.74,4.63,4.58,4.52
Kota Banjar Baru,4.62,4.53,6.11,4.08,6.07,5.2,5.98,5.68,5.16,4.5,4.35,4.9,4.62,4.68,4.19,4.3,4.01,4.4,4.17,3.92,3.79,3.44
KALIMANTAN TIMUR,11.57,10.57,11.41,11.04,8.53,7.86,8,6.63,6.38,6.38,6.31,6.23,6.11,6.19,6.03,5.94,6.1,6.54,6.31,6.11,5.78,5.17
Paser,15.79,14.74,16.39,16,10.97,10.11,9.48,7.91,7.65,7.94,7.87,8.76,8.68,9.28,9.03,8.95,9.23,9.73,9.43,9.11,8.63,8.13
Kutai Barat,13.63,13.25,14.81,14.04,10.6,8.97,9.9,8.25,8.3,7.7,7.53,8.33,8.65,8.72,9.15,9.09,9.29,10.24,10.2,9.72,9.56,8.72
Kutai Kartanegara,15.07,14.72,14.44,12.59,9.29,8.03,8.68,7.21,6.95,7.52,7.43,7.99,7.63,7.57,7.41,7.2,7.31,7.99,7.96,7.61,7.28,6.72
Kutai Timur,16.52,15.08,17.66,17.51,13.2,11.88,11.38,9.43,8.79,9.06,9.1,9.31,9.16,9.29,9.22,9.48,9.55,9.81,9.28,9.06,8.81,8.07
Berau,8.41,7.44,9.33,9.27,5.81,5.9,6.6,5.46,5.25,4.83,4.76,5.33,5.37,5.41,5.04,5.04,5.19,5.88,5.65,5.54,5.08,4.44
Penajam Paser Utara,16.09,14.96,17.47,17.59,12.99,11.38,10.46,8.67,8.59,7.7,7.56,7.92,7.49,7.63,7.4,7.18,7.36,7.61,7.25,6.97,6.69,5.78
Mahakam Ulu,-,-,-,-,-,-,-,-,-,-,-,10.5,10.65,11.29,11.62,11.25,11.44,11.9,11.55,11.38,10.75,10.09
Kota Balikpapan,3.97,3.96,3.69,3.74,3.49,3.58,4.07,3.39,3.31,2.48,2.46,2.91,2.81,2.82,2.64,2.42,2.57,2.89,2.45,2.31,2.23,1.97
Kota Samarinda,7.9,5.78,6.05,6.6,4.67,4.84,5.21,4.31,4.19,4.63,4.56,4.82,4.72,4.77,4.59,4.59,4.76,4.99,4.85,4.81,4.3,3.45
Kota Bontang,6.81,6.23,7.86,7.87,7.26,6.66,6.67,5.4,5.21,5.16,5.1,5.06,5.18,5.16,4.67,4.22,4.38,4.62,4.54,4.11,3.74,3.21
KALIMANTAN UTARA,11.57,10.57,11.41,11.04,8.53,7.86,8,6.63,6.38,6.38,6.31,6.24,6.23,7.22,7.09,6.63,6.8,7.36,6.77,6.45,6.32,5.54
Malinau,23.88,22.54,24.57,23.6,18.24,16.55,15.29,12.67,11.71,10.48,10.12,7.26,7.15,8.06,7.68,6.96,6.63,7.3,6.64,6.54,6.94,5.56
Bulungan,22.19,20.52,22.76,22.31,17.14,15.96,14.57,12.14,11.76,12.04,11.87,8.5,8.99,9.93,9.44,8.78,9.06,10.03,9.32,8.99,8.76,7.26
Tana Tidung,-,-,-,-,-,15.42,13.89,11.41,9.83,10.21,9.5,6.35,6.11,6.63,5.08,4.72,4.81,5.15,4.45,4.62,4.47,4.56
Nunukan,21.18,19.13,21.66,20.02,14.96,13.47,12.45,10.38,9.62,9.51,8.69,5.61,5.25,6.22,6.71,6.11,6.36,6.79,6.13,5.53,5.73,5.27
Kota Tarakan,9.11,8.33,10.07,9.54,10.99,9.65,10.23,8.41,7.97,7.9,7.68,5.11,5.17,6.32,6.15,6,6.24,6.71,6.3,6.1,5.56,5.03
SULAWESI UTARA,8.93,9.34,11.54,11.42,9.8,9.32,9.59,8.46,7.63,8.5,8.26,8.65,8.34,8.1,7.8,7.66,7.62,7.77,7.28,7.38,7.25,6.71
Bolaang Mongondow,9.79,11.39,13.42,13.2,10.64,10.16,9.7,8.6,7.68,8.91,8.59,8.63,8.34,8.02,7.67,7.47,7.27,7.58,7.04,7.37,7.74,6.98
Minahasa,9.25,8.09,10.13,10.31,9,8.47,8.99,7.93,7.16,8.81,8.53,8.8,8.36,7.9,7.3,7.18,7.3,7.67,7.05,6.87,6.53,5.88
Kepulauan Sangihe,13.25,15.07,17.64,17.7,14.01,13.23,13.21,11.69,10.66,12.19,11.84,12.27,12.28,11.8,11.82,11.15,11.14,11.02,10.5,11.01,10.84,10.91
Kepulauan Talaud,14.03,12.94,15.55,15.77,12.9,12.16,11.37,10.05,9.06,10.27,9.92,10.09,10.29,9.77,9.5,9.86,9.49,9,8.25,8.46,8.17,8.34
Minahasa Selatan,9.12,10.74,13.45,13.61,11.66,11.13,10.74,9.48,8.61,10.08,9.85,10.22,9.92,9.78,9.34,9.26,9.14,9.37,9,8.89,8.97,8.26
Minahasa Utara,-,7.61,10.29,10.14,8.35,7.98,8.38,7.38,6.69,8.02,7.75,8.12,7.9,7.46,6.99,6.93,7,7.11,6.6,6.65,6.95,6.05
Bolaang Mongondow Utara,-,-,-,13.03,10.44,9.93,10.23,8.98,8.01,9.61,9.27,9.72,9.38,8.89,8.64,8.45,8.41,8.03,7.31,7.9,7.88,7.15
Siau Tagulandang Biaro,-,-,-,16.14,12.68,12.11,11.79,10.38,9.48,11.36,11.03,10.93,10.58,10.33,9.87,9.56,8.94,8.94,8.2,8.76,8.32,8.32
Minahasa Tenggara,-,-,-,22.21,18.3,17.49,17.64,15.35,14.24,16.1,15.76,15.88,14.71,14.08,13.29,12.78,12.3,12.47,11.78,11.84,11.72,10.31
Bolaang Mongondow Selatan,-,-,-,-,-,-,18.81,16.57,15.07,15.28,15,15.17,14.85,14.16,13.6,13.27,12.77,12.85,11.92,12.04,11.33,10.52
Bolaang Mongondow Timur,-,-,-,-,-,-,7.81,6.93,6.2,6.92,6.61,6.9,6.77,6.2,6.03,6.1,5.88,6.1,5.85,5.8,5.87,5.32
Kota Manado,4.14,5.09,6.73,5.43,6.59,6.32,6.15,5.4,4.91,4.88,4.81,5.63,5.24,5.46,5.38,5.51,5.86,6.19,5.85,5.79,5.43,4.99
Kota Bitung,8.83,8.92,11.23,11.14,9.33,8.93,9.52,8.46,7.45,6.45,6.34,6.87,6.57,6.62,6.67,6.49,6.41,6.43,6.2,6.56,6.27,5.81
Kota Tomohon,7.53,6.43,8.76,8.65,7.53,7.19,7.39,6.56,5.82,6.57,6.32,6.78,6.56,6.47,5.95,5.62,5.6,5.69,5.26,5.6,5.38,4.86
Kota Kotamobagu,-,-,-,10.02,7.6,7.16,7.57,6.64,5.85,5.98,5.75,5.85,6.01,5.9,5.96,5.71,5.42,5.74,5.19,5.03,5.12,5.14
SULAWESI TENGAH,21.69,21.8,23.63,22.42,20.61,18.61,17.24,16.04,14.94,14.32,13.61,14.66,14.45,14.14,14.01,13.48,12.92,13,12.33,12.41,11.77,10.92
Banggai Kepulauan,26.51,25.53,28.08,27.92,24.66,21.99,19.47,18.08,17.03,16.3,15.45,16.08,16.18,15.92,15.65,14.84,14.04,13.72,13.44,12.9,12.32,11.49
Banggai,16.72,16.27,18.52,17.28,16.7,14.6,12.06,11.25,10.48,9.81,9.27,9.84,9.47,9.2,9.12,7.8,7.39,7.83,7.33,6.94,6.56,6.23
Morowali,25.53,27.49,30.14,28.27,25.1,22.53,20.27,18.85,17.25,15.92,14.97,15.8,15.13,14.55,14.34,13.75,13.43,13.75,12.58,12.31,11.55,10.38
Poso,30.4,28.19,29.28,28.02,25.75,23.29,21.42,20.1,18.46,18.22,17.09,18.16,17.71,17.16,16.71,15.65,15.45,15.92,15.18,15.16,14.23,12.9
Donggala,22.23,22.4,24.84,23.59,21.01,18.91,19.42,18.03,17.03,17.18,16.3,18.11,18.59,18.17,18.03,18.4,17.39,16.73,16.3,16.25,15.3,14.66
Toli-Toli,22.29,21.5,24.05,22.18,19.69,17.83,16.16,15.03,14.12,13.86,13.14,13.64,13.47,13.3,13.66,13.09,12.85,13.51,12.74,12.85,12.45,12.2
Buol,26.66,28.58,26.66,25.5,23.11,20.68,18.67,17.4,15.99,15.06,14.18,16.36,16.68,16.65,16.08,15.19,13.93,14.06,12.85,13.36,13.08,12.48
Parigi Moutong,23.21,22.66,25.1,23.69,21.73,19.72,20.11,18.7,17.36,17.03,16.6,18.05,17.8,17.55,17.41,16.64,15.85,15.28,14.63,14.91,14.2,13.51
Tojo Una-Una,-,29.26,31.63,30.22,28.48,26.23,24.06,22.37,20.98,20.61,18.95,18.79,18.56,18.15,18.27,17.16,16.39,16.6,16.12,16.74,16.36,14.67
Sigi,-,-,-,-,-,-,15.09,14.03,13.2,12.27,11.63,12.75,12.76,12.66,12.6,12.91,12.45,13.05,12.3,12.83,12.06,10.47
Banggai Laut,-,-,-,-,-,-,-,-,-,-,-,17.68,16.6,16.17,16.32,15.34,14.6,14.17,13.17,14.15,13.78,12.71
Morowali Utara,-,-,-,-,-,-,-,-,-,-,-,16.91,16.07,15.73,15.53,15.08,14.1,13.9,12.97,12.85,11.95,10.38
Kota Palu,8.43,10.78,10.49,9.73,10.1,9.19,9.98,9.24,8.58,7.24,7.05,7.42,7.06,6.74,6.58,6.83,6.8,7.17,6.63,6.56,5.94,5.26
SULAWESI SELATAN,14.9,14.98,14.57,14.11,13.41,11.93,11.4,10.27,9.82,10.32,9.54,9.39,9.4,9.38,9.06,8.69,8.72,8.78,8.63,8.7,8.06,7.6
Kepulauan Selayar,22.18,22.71,20.82,20.45,18.49,16.41,14.98,13.49,12.87,14.23,13.13,12.94,13.11,13.28,13.13,12.83,12.48,12.45,12.24,12.27,10.79,10.61
Bulukumba,14.2,12.08,13.84,13.56,12.26,10.5,9.02,8.12,7.83,9.04,8.37,8.15,8.06,7.97,7.48,7.26,7.1,7.43,7.39,7.22,6.71,6.06
Bantaeng,10.22,10.41,12.34,12.12,10.94,9.96,10.24,9.21,8.9,10.45,9.68,9.53,9.51,9.66,9.23,9.03,8.95,9.41,9.07,9.18,8.26,7.68
Jeneponto,22.78,23.18,25.06,24.55,22.48,20.58,19.09,17.16,16.59,16.52,15.31,15.18,15.49,15.4,15.48,14.88,14.58,14.28,13.73,13.06,11.82,11.42
Takalar,12.99,14.94,14.09,13.8,12.68,11.06,11.16,10.04,9.6,10.42,9.62,9.48,9.35,9.24,9,8.7,8.44,8.25,8.25,8.29,7.75,7.27
Gowa,16.69,16.9,14.55,14.13,12.79,10.93,9.49,8.55,8.06,8.73,8,8.27,8.4,8.42,7.83,7.53,7.38,7.54,7.36,7.42,6.85,6.64
Sinjai,13.83,14.15,15.76,13.87,12.73,11.37,10.68,9.63,9.29,10.32,9.56,9.26,9.41,9.24,9.28,9.14,9,8.84,8.8,8.55,7.82,7.41
Maros,20.63,20.13,20.09,20.08,18.55,16.35,14.62,13.14,12.56,12.94,11.93,11.85,11.41,11.14,10.31,9.89,9.74,9.57,9.43,9.65,9.32,8.9
Pangkajene Dan Kepulauan,22.29,22.79,23.82,23.93,21.36,19.35,19.26,17.36,16.63,17.75,16.38,16.7,16.22,16.22,15.1,14.06,13.96,14.28,13.92,13.4,12.41,11.6
Barru,11.39,11.69,13.91,14.73,13.49,11.43,10.68,9.59,9.28,10.32,9.74,9.42,9.45,9.71,9.04,8.57,8.26,8.68,8.4,8.46,8.31,8
Bone,15.66,16.38,18.78,18.84,17.35,15.19,14.08,12.67,12.25,11.92,10.88,10.12,10.07,10.28,10.55,10.06,10.68,10.52,10.58,10.53,9.58,9.13
Soppeng,4.6,4.65,5.6,5.45,11.22,9.95,10.41,9.36,9.12,9.43,8.76,8.36,8.45,8.29,7.5,7.25,7.59,7.53,7.49,7.48,6.9,6.65
Wajo,9.66,9.95,11.57,11.36,10.16,8.93,8.96,8.06,7.83,8.17,7.74,7.66,7.47,7.38,7.5,6.91,6.95,6.46,6.57,6.73,6.47,5.86
Sidenreng Rappang,8.09,8.38,8.19,8.05,7.64,6.73,6.99,6.29,6,6.3,5.82,5.55,5.45,5.32,5.16,4.79,5.05,5.04,5.11,5.14,5.02,4.91
Pinrang,8.84,9.07,10.7,10.44,9.65,8.7,9.01,8.12,7.83,8.86,8.2,8.34,8.48,8.46,8.81,8.46,8.86,8.81,8.79,8.9,8.55,8.38
Enrekang,21.33,21.59,23.18,22.79,20.51,18.1,16.84,15.18,14.45,15.11,13.9,13.82,13.41,13.16,12.49,12.33,12.17,12.47,12.39,12.69,11.25,10.73
Luwu,18.59,18.51,20.13,21.24,19.44,16.96,15.43,13.93,13.34,15.1,13.95,13.89,14.35,14.01,13.36,12.78,12.65,12.53,12.49,12.71,11.7,10.97
Tana Toraja,18.54,18.87,20.44,19.91,18.57,16.14,14.61,13.22,12.73,13.81,12.77,12.46,12.36,12.62,12.75,12.35,12.1,12.27,12.18,12.48,10.79,10.54
Luwu Utara,14.7,14.63,14.48,14.03,18.38,16.4,16.24,14.64,14.03,15.52,14.31,13.87,14.36,14.33,13.69,13.6,13.41,13.59,13.22,12.66,11.24,10.74
Luwu Timur,13.12,13.05,11.35,10.21,10.98,8.91,9.18,8.29,7.72,8.38,7.67,7.18,7.52,7.66,7.23,6.98,6.85,6.94,6.81,6.93,6.55,5.79
Toraja Utara,-,-,-,-,-,-,19.08,17.06,16.28,16.53,15.1,15.19,14.57,14.41,13.37,12.41,12.01,11.99,11.65,12.12,10.73,10.05
Kota Makassar,6.15,6.19,7.22,5.66,5.36,5.52,5.86,5.29,5.02,4.7,4.48,4.38,4.56,4.59,4.41,4.28,4.54,4.82,4.58,5.07,4.97,4.43
Kota Parepare,6.87,6.7,7.86,7.65,7.1,6.52,6.53,5.91,5.58,6.38,5.88,6.08,5.73,5.7,5.59,5.26,5.44,5.4,5.41,5.34,5.27,4.44
Kota Palopo,11.25,11.36,12.92,12.71,12.83,11.85,11.28,10.22,9.47,9.57,8.8,8.58,8.74,8.78,7.94,7.82,7.85,8.14,7.78,7.69,7.35,7.18
SULAWESI TENGGARA,21.89,21.45,23.37,21.33,19.38,17.44,15.69,14.61,13.05,13.73,12.77,12.9,12.88,12.81,11.63,11.24,11,11.66,11.17,11.43,11.21,10.54
Buton,22.43,23.22,25.2,22.94,22.93,20.16,17.95,16.64,15.46,15.25,14.31,13.75,13.22,13.46,13.67,13.65,13.21,13.92,13.27,13.77,13.99,13.46
Muna,25.19,24.77,26.95,25.35,22.42,20.02,17.35,16.14,14.64,15.32,14.46,15.45,15.22,14.85,13.19,12.85,12.83,13.54,13.41,14.07,13.78,12.4
Konawe,26.06,23.56,25.59,24.63,22.4,19.97,17.45,16.24,14.62,16.58,15.47,16.09,16.09,15.65,13.48,12.34,12.2,13.03,12.75,13.02,13.25,12.78
Kolaka,25.08,25.72,27.82,25.35,22.46,20.46,18.9,17.62,15.55,16.2,14.99,14.68,15.05,13.78,12.51,11.92,11.63,12.43,11.51,11.8,11.67,10.19
Konawe Selatan,21.37,18.94,20.51,18.31,16.74,15.17,13.49,12.57,11.22,12.45,11.6,11.58,11.36,11.14,10.95,10.81,10.74,11.34,11.08,11.26,11.2,11.18
Bombana,-,20.83,22.6,20.51,18.25,16.63,15.7,14.68,12.81,14.28,13.2,12.55,13.06,12.36,11.05,10.56,10.01,10.76,10.26,10.73,10.54,10.14
Wakatobi,-,22.72,24.99,24.51,22.53,20.42,18.49,17.1,15.99,17.4,16.27,16.88,16.46,16.19,14.85,14.75,14.31,14.91,14.55,14.81,14.36,13.4
Kolaka Utara,-,26.17,28.09,26.29,24.08,21.88,20.04,18.76,16.39,17.41,16.1,16.53,17.11,16.24,14.3,13.19,12.96,13.79,13.08,13.57,13.51,12.94
Buton Utara,-,-,-,25.09,22.86,20.58,18.78,17.34,15.74,17.53,16.35,15.86,15.78,15.58,14.93,14.38,14.1,14.89,14.26,14.06,14.09,13.22
Konawe Utara,-,-,-,18.15,16.5,15.19,13.69,12.8,11.78,10.62,10.15,9.97,9.75,13.93,14.22,13.66,13.53,14.32,13.72,13.48,13.17,11.89
Kolaka Timur,-,-,-,-,-,-,-,-,-,-,-,15.57,15.71,15.64,13.82,13.71,13.47,14.35,13.57,14.04,13.71,12.57
Konawe Kepulauan,-,-,-,-,-,-,-,-,-,-,-,16.73,17.72,18.1,17.48,17.18,17.01,17.81,16.15,15.9,15.54,14.42
Muna Barat,-,-,-,-,-,-,-,-,-,-,-,-,15.77,16.24,14.17,13.84,13.3,13.96,13.85,14.03,13.38,12.83
Buton Tengah,-,-,-,-,-,-,-,-,-,-,-,-,13.69,18.35,14.88,15.77,15.32,15.8,14.9,15.43,14.4,13.4
Buton Selatan,-,-,-,-,-,-,-,-,-,-,-,-,13.74,15.99,14.82,14.66,14.11,14.62,14.41,14.76,14.28,13.64
Kota Kendari,8.84,10.65,12.51,10.15,8.53,7.88,8.02,7.46,6.39,6.07,5.56,5.59,5.51,5.01,4.69,4.44,4.34,4.87,4.57,4.59,4.23,4.18
Kota Baubau,18.8,16.36,18.9,17.08,14.13,12.72,12.06,11.24,10.02,10.11,9.25,9.24,8.81,8.39,7.57,7.27,7.15,7.78,7.31,7.53,7.4,6.83
GORONTALO,29,29.05,29.13,27.35,20.47,18.34,16.55,18.02,17.22,18,17.41,18.32,17.72,17.65,16.81,15.52,15.22,15.61,15.42,15.15,14.57,13.24
Boalemo,32.4,31.47,31.41,29.21,23.17,20.74,19.82,21.9,20.42,21.79,20.79,21.67,21.11,21.85,20.33,18.87,18.57,19,18.74,18.38,17.83,16.37
Gorontalo,33.5,34.49,34.36,32.07,24.1,21.48,18.87,21.31,20.79,21.57,21.05,21.8,21.03,20.55,19.84,18.06,17.56,17.89,17.71,17.48,16.43,14.89
Pohuwato,32.8,31.88,32.06,29.74,23.28,21.15,18.73,21.58,20.18,21.47,20.69,22.43,21.17,21.27,19.4,18.16,17.62,18.08,17.87,17.64,17.11,15.24
Bone Bolango,29.2,30.23,30.85,30.6,22.7,19.97,17.64,17.39,16.67,17.19,16.68,18.49,17.97,17.81,17.4,16.12,15.81,16.3,16.05,15.51,14.8,13.16
Gorontalo Utara,-,-,-,33.18,23.94,21.5,19.58,19.22,18.54,19.16,18.34,18.93,18.51,19.23,18.54,16.95,16.88,17.23,17.24,17.03,16.86,15.89
Kota Gorontalo,10.9,10.06,9.87,8.11,5.23,5.29,5.49,5.97,5.61,5.99,5.85,6.05,6.05,5.7,5.57,5.45,5.59,5.93,5.73,5.64,5.74,5.31
SULAWESI BARAT,-,-,20.74,19.03,15.27,14.96,14.71,13.64,13.01,12.23,12.05,12.4,11.74,11.3,11.25,11.02,10.87,11.29,11.75,11.49,11.21,10.41
Majene,26.73,27.27,23.5,23.55,18.44,18.09,18.41,17.06,16.51,15.26,15.05,15.57,14.89,13.94,13.79,13.72,13.73,14.34,15.13,14.54,13.64,12.98
Polewali Mandar,30.78,30.71,27.65,24.96,21.8,21.37,21.24,19.66,19.09,18.02,17.79,18.22,17.06,16.05,15.97,15.6,15.26,15.68,16.39,16.08,15.66,14.02
Mamasa,29.77,30.43,25.92,25.51,18.06,17.87,16.24,15.04,14.38,13.92,13.82,14.71,13.9,13.51,13.38,13.42,13.38,13.77,14.51,14.31,14.2,13.66
Mamuju,17.67,15.96,11.96,10.43,8.11,8.13,8.16,7.59,7.11,6.81,6.72,6.7,6.48,6.88,7.18,7.06,6.92,7.46,7.63,7.57,7.15,6.99
Mamuju Utara,15.55,14.98,11.04,9.22,6.52,6.47,6.2,5.77,5.3,4.71,4.65,4.99,4.82,4.84,4.53,4.28,4.48,4.77,5.09,4.79,5.21,4.96
Mamuju Tengah,-,-,-,-,-,-,-,-,-,-,-,6.86,6.83,6.95,7.14,6.87,6.79,7.13,7.17,7.32,7.72,7.22
MALUKU,32.13,32.28,33.03,31.14,29.24,27.29,25.32,22.45,20.76,19.27,18.44,19.51,19.18,18.45,18.12,17.69,17.44,17.87,15.97,16.42,16.05,15.38
Maluku Tenggara Barat,43.3,45.29,46.25,44.15,40.17,37.23,33.93,30.13,28.45,29.75,28.56,29.17,28.31,27.47,28.08,27.25,27.11,27.27,23.88,24.47,23.66,23.38
Maluku Tenggara,37.68,36.73,37.84,35.98,32.9,30.71,30.7,27.16,26.03,25.06,24.21,25.23,24.81,23.87,23.27,22.75,22.57,22.73,21.19,21.79,21.22,21.16
Maluku Tengah,38.05,37.14,38.21,36.03,32.61,30.48,28.41,25.15,24.05,22.15,21.41,22.1,21.68,21.2,20.11,20.04,19.83,19.84,17.46,17.84,17.67,16.71
Buru,31.55,33,33.34,31.34,29.17,27.57,24.82,22,19.78,18.51,17.55,18.47,18.02,17.4,17.03,16.74,16.64,17.28,15.82,16.53,16.08,15.11
Kepulauan Aru,-,37.58,38.45,36.88,41.08,38.77,34.96,30.96,28.57,27.34,26.33,28.64,28.71,27.13,27.12,26.73,26.26,26.53,23.51,24.21,23.39,23.1
Seram Bagian Barat,-,37.78,39.59,37.85,35.19,33.11,30.08,26.7,25.35,24.63,23.79,26.35,26.5,25.49,25.62,25.16,25.11,25.27,22.25,22.39,22.31,21.85
Seram Bagian Timur,-,39.98,40.18,39.83,36.98,34.67,31.44,27.94,25.92,24.49,23.4,25.37,24.53,23.59,23.62,23.13,23.04,23.25,20.73,21.08,21.03,20.9
Maluku Barat Daya,-,-,-,-,-,-,39.22,34.49,32.55,29.25,28.33,31.58,31.01,30.18,30.2,29.43,29.15,29.55,27.64,28.78,27.95,27.65
Buru Selatan,-,-,-,-,-,-,21.82,19.33,18.29,17.05,16.59,17.58,16.86,16.83,16.31,16.13,15.75,15.89,14.75,15.28,14.91,14.84
Kota Ambon,-,-,-,-,-,7.61,7.67,6.83,5.98,4.42,4.23,4.38,4.64,4.46,4.72,4.57,4.51,5.02,4.68,5.25,5.13,4.34
Kota Tual,6.24,6.56,7.43,6.51,7.92,30.42,32.01,28.17,25.66,23.28,22.31,24.9,24.74,24,23.42,22.68,22.51,23.26,20.56,20.68,20.01,19.39
MALUKU UTARA,12.42,13.23,12.73,11.97,11.51,10.34,9.79,10,8.05,7.64,7.41,6.84,6.33,6.35,6.64,6.77,6.78,6.89,6.23,6.46,6.32,5.81
Halmahera Barat,12.97,16.85,17.12,16.19,16.12,14.34,13.3,12.93,10.61,9.78,9.56,9.69,8.77,8.74,8.74,8.59,8.82,8.95,8.43,8.74,8.75,7.9
Halmahera Tengah,15.51,31.83,31.81,30.18,28.52,26.64,24.56,22.68,18.4,17.44,16.88,15.23,14.03,14.15,13.94,14.12,13.56,13.52,12,11.44,10.71,9.16
Kepulauan Sula,29.61,16.08,15.14,14.07,13.71,11.51,8.98,10.42,8.5,9.16,8.76,8.85,8.63,8.59,8.89,8.98,8.35,8.23,7.64,8.17,7.96,7.65
Halmahera Selatan,14.77,14.09,13.36,12.95,12.54,10.97,9.51,8.11,6.56,6.04,5.87,4.61,4.11,4.1,4.8,5.03,5.21,5.19,4.99,5.68,5.63,4.81
Halmahera Utara,10.41,11.32,10.36,9.63,8.9,7.93,7.82,8.46,6.72,5.9,5.74,4.99,4.19,4.22,4.51,4.55,4.45,5.22,4.58,4.62,4.71,4.35
Halmahera Timur,22.39,24.48,22.68,21.54,21.13,19.55,19.3,20.72,16.34,16.43,15.94,15.33,15.48,15.25,15.02,15.39,15.45,15.04,13.14,12.47,11.91,10.54
Pulau Morotai,-,-,-,-,-,-,10.59,11.61,9.45,9.18,8.74,8.39,7.08,7.07,7.16,7.27,6.46,6.52,5.42,5.38,5.11,4.49
Pulau Taliabu,-,-,-,-,-,-,-,-,-,-,-,7.04,7.29,7.17,7.35,7.53,7.3,7.49,6.88,7.31,7.13,6.63
Kota Ternate,3.99,4.85,4.54,4.26,4.15,4.22,4.53,5.16,4,3.24,3.16,2.99,2.67,2.73,3,3.14,3.46,3.55,3.11,3.39,3.14,3.34
Kota Tidore Kepulauan,10.68,8.32,8.31,7.43,6.54,6.01,7.08,7.34,6,5.77,5.71,5.38,5.07,5.45,5.95,6.1,6.52,6.58,5.99,6.35,6.56,6.54
PAPUA BARAT,-,-,41.34,39.31,33.49,31.43,28.59,28.53,27.04,27.14,26.26,25.82,25.43,25.1,23.01,22.17,21.37,21.84,21.33,20.49,21.66,20.66
Fakfak,37.43,39.88,41.64,39.57,37.55,35.29,33.25,33.18,29.22,29.84,29.18,27.51,26.66,25.96,24.31,23.25,22.27,22.86,22.06,21.38,20.86,19.86
Kaimana,33.15,-,35.52,33.84,33.95,23.51,20.89,20.84,17.97,18.6,17.65,17.79,17.44,17.22,16.65,16.11,15.5,16.04,15.29,14.57,14.41,13.83
Teluk Wondama,49.55,-,49.75,47.34,43.57,48.47,44.25,43.86,38.35,39.43,38.81,37.44,36.37,36.37,33.32,32.42,30.91,31.61,30.06,28.9,28.47,27.57
Teluk Bintuni,35.17,37.85,36.85,35.22,23.25,51.91,47.53,47.44,40.53,40.33,38.92,36.66,34.72,34.32,31.3,30.57,29.39,29.79,29.73,28.24,26.99,25.34
Manokwari,28.95,-,29.46,28.05,26.66,40.8,34,33.95,29.37,28.45,27.63,25.28,24.93,24.32,22.21,21.06,20.14,20.56,19.9,18.73,18.45,17.38
Manokwari Selatan,-,-,-,-,-,-,-,-,-,-,-,34.33,34.15,34.02,30.87,29.94,28.88,29.3,28.55,27.8,26.83,26.52
Pegunungan Arfak,-,-,-,-,-,-,-,-,-,-,-,38.53,39.46,39.23,35.72,34.83,33.81,34.7,33.71,32.29,31.76,30.88
PAPUA BARAT DAYA,-,-,-,-,-,-,-,-,-,-,-,-,-,-,-,-,-,-,-,-,18.13,17.95
Raja Ampat,54.94,-,54.95,53.34,47.36,23.71,23.58,23.5,21.01,21.16,20.73,20.94,20.5,20,17.8,17.16,17.01,17.5,17.32,16.76,15.83,16.57
Sorong,53.7,-,53.75,51.37,50.39,34.45,33.43,33.38,33.63,35.48,34.3,33.35,33.25,32.86,30.19,28.61,27.48,27.78,27.58,26.88,25.71,25.1
Sorong Selatan,31.73,-,31.25,30.07,23.76,26.76,23.02,22.93,19.96,20.5,19.73,20.38,19.92,19.66,19.14,18.41,18.28,18.55,18.48,18.11,17.83,17.66
Maybrat,-,-,-,-,-,-,40.13,40.16,34.92,35.64,35.2,35.31,34.65,34.87,32.89,32.2,30.78,31.39,31.14,30.28,29.18,29
Tambrauw,-,-,-,-,-,-,44.71,43.77,38.68,38.68,38.35,38.11,36.67,35.99,34.59,33.66,32.8,33.86,32.45,31.23,29.88,28.94
Kota Sorong,36.08,38.59,37.62,35.71,14.93,15.12,14.04,14.04,19.32,19.27,18.37,17.56,17.85,17.78,15.85,15.45,14.99,15.35,14.96,14.41,13.67,13.55
PAPUA,38.69,40.83,41.52,40.78,35.53,34.77,34.1,31.25,30.66,31.52,27.8,28.17,28.54,27.62,27.74,27.53,26.64,26.86,26.56,26.03,17.26,19.16
Jayapura,28.39,30.88,31.05,30.91,21.8,20.77,18.64,17.3,17.08,17.58,14.18,14.69,13.49,13.01,13.44,13.13,12.44,12.13,11.94,11.45,11.6,13.03
Kepulauan Yapen,42.62,-,44.52,43.54,37.31,36.13,33.54,30.76,30.35,29.32,26.39,27.7,27.54,26.82,27.17,27.13,26.3,26.09,26.15,25.89,25.69,28
Biak Numfor,44.87,47.36,47.54,46.98,37.06,36.51,33.61,30.31,29.84,30.28,27.44,27.23,26.99,25.44,25.72,25.5,24.57,24.45,24.48,23.53,23.46,25.73
Sarmi,27.88,29.79,31.37,31.2,24.52,22.63,21.09,19.42,18.82,17.72,13.32,13.85,13.74,13.75,14.51,14.41,13.87,13.84,13.76,13.21,14.05,15.17
Keerom,26.16,29.71,29.52,27.07,27.19,25.57,24.12,21.98,21.65,23.23,19.12,15.83,17.15,16.69,16.9,16.83,16.32,16,15.77,15.68,15.84,17.76
Waropen,44.48,-,46.25,46.93,44.5,44,39.88,36.23,36.63,37.27,32.63,31.41,31.25,30.82,30.53,30.95,29.54,29.85,30.22,29.16,29.85,32.6
Supiori,-,-,53.35,53.25,50.92,50.66,45.75,42.73,41.58,41.5,36.65,39.25,37.99,37.4,39.22,38.79,36.91,37.91,37.7,36.99,37.72,42.56
Mamberamo Raya,-,-,-,-,-,44.43,39.98,36.38,35.21,34.25,29.86,29.71,29.52,29.88,30.1,29.13,28.38,28.78,30.73,29.63,30.29,35.09
Kota Jayapura,22.98,24.87,25.69,25.3,18.67,17.87,17.31,16.03,15.77,16.19,12.21,12.22,12.06,11.46,11.37,11.49,11.16,11.39,11.12,10.5,10.72,12.03
PAPUA SELATAN,-,-,-,-,-,-,-,-,-,-,-,-,-,-,-,-,-,-,-,-,17.44,19.71
Merauke,28.15,-,32.15,31.56,15.69,15.44,14.54,13.22,12.95,12.33,10.2,11.1,11.08,10.81,10.54,10.35,10.03,10.16,10.1,10.01,10.19,11.31
Boven Digoel,28.76,-,29.64,29.52,27.49,27.01,25.79,23.52,22.79,23.7,18.87,19.5,20.82,19.9,20.35,19.66,19.41,19.9,20.04,19.8,19.24,21.96
Mappi,29.97,32.22,33.96,34.04,36.23,34.94,33.11,30.14,29.3,30.35,25.95,26.96,26.64,25.75,25.64,25.5,25.04,26.05,26.04,25.72,25.7,28.46
Asmat,31.37,33.7,33.82,33.49,39.77,38.69,35.4,32.38,30.57,33.84,29.1,28.48,27.79,27.16,27.41,26.6,25.49,24.83,24.87,24.36,24.5,28.47
PAPUA TENGAH,-,-,-,-,-,-,-,-,-,-,-,-,-,-,-,-,-,-,-,-,29.76,28.9
Mimika,30.75,33.23,34.05,32.73,26.63,24.74,22.57,20.78,20.09,20.37,16.11,16.2,14.72,14.89,14.55,14.54,14.26,14.17,14.28,13.55,14.18,13.7
Dogiyai,-,-,-,-,-,36.57,33.96,30.4,30.08,32.25,29.1,29.1,31.21,30.36,30.48,31.12,28.62,28.81,29.48,29.2,30.03,29.34
Deiyai,-,-,-,-,-,-,49.58,46.76,45.93,47.52,44.49,45.74,45.11,43.63,43.49,43.65,41.76,40.59,40.31,38.66,39.01,37.29
Nabire,43.01,45.89,45.71,45.56,37.56,35.69,33.68,30.86,30.65,27.69,23.92,24.37,26.03,25.38,25.17,24.81,24.15,23.83,23.9,23.35,24,22.65
Paniai,49.09,51.72,52.45,52.18,48.29,47.68,43.47,37.18,38.69,40.15,36.07,37.43,39.13,37.4,37.35,37.16,36.71,36.59,36.63,35.39,37.07,36.31
Intan Jaya,-,-,-,-,-,-,47.82,41.53,40.65,42.03,38.16,41.34,43.73,42.23,42.71,42.92,40.71,41.66,42.03,40.01,41.42,39.21
Puncak,-,-,-,-,-,49.2,44.65,40.77,39.38,41.96,37.85,38.74,38.58,37.46,38.15,38.24,36.96,36.26,36.25,36.44,37.49,36.94
Puncak Jaya,50.67,53.21,54.21,-,49.42,46.92,43.8,40.25,38.21,39.92,36.15,37.45,37.31,36.01,36.27,35.71,34.74,36,36.3,35.6,35.94,35.46
PAPUA PEGUNUNGAN,-,-,-,-,-,-,-,-,-,-,-,-,-,-,-,-,-,-,-,-,32.97,30.03
Nduga,-,-,-,-,-,47.28,42.53,39.49,38.14,39.69,35.89,35.89,38.47,37.29,38.13,38.24,36.72,37.18,36.73,37.09,36.28,32.89
Jayawijaya,46.21,49.82,50.65,50.31,48.15,46.3,41.84,39.03,39.05,41.81,39.6,39.48,39.66,38.62,38.66,38.33,37.22,37.09,35.8,34.71,32.28,29.08
Lanny Jaya,-,-,-,-,-,47.73,46.55,43.68,42.33,43.79,39.26,41.97,41.68,39.6,40.06,39.52,38.13,38.73,37.76,36.94,34.12,31.59
Tolikara,45.15,-,46.22,45.3,45.08,44.63,41.17,37.81,36.3,38,33.27,34,33.63,32.73,33.14,32.9,32.04,32.6,31.31,31.57,31.22,28.75
Mamberamo Tengah,-,-,-,-,-,47.07,43.15,43.69,42.84,39.59,35.47,35.54,38.36,36.38,37.02,36.93,36.41,36.76,35.92,35.42,35.27,32.2
Yalimo,-,-,-,-,-,47.76,44.13,40.65,39.49,40.33,35.65,35.88,35.8,34.97,35.45,34.52,32.82,33.25,31.68,30.97,30.02,27.35
Yahukimo,45.74,48.28,49.24,48.34,50.63,49.61,46.21,42.49,41.98,43.27,39.02,41.26,40.62,39.33,39.25,38.82,37.34,37.64,36.21,36.08,33.82,30.61
Pegunungan Bintang,47.85,50.33,51.26,-,45.81,43.77,40.08,36.23,35.63,37.23,32.78,31.55,31.52,30.6,30.75,30.51,30.15,30.46,30.32,29.79,28.95,25.87
,,,,,,,,,,,,,,,,,,,,,,
Catatan,"Tidak ada data Susenas Maret 2015 di Kabupaten Nduga, Provinsi Papua. Angka kemiskinan Kab Nduga tahun 2015 memakai angka tahun 2014<br /><br /><b>Definisi :</b> Bagian dari populasi penduduk yang tidak mampu memenuhi hak dasar (hak atas pangan, sandang, layanan kesehatan, layanan pendidikan, pekerjaan dan berusaha, dan/atau perumahan) secara layak dan mandiri dan memiliki rata-rata pengeluaran per kapita sebulan di bawah garis kemiskinan",,,,,,,,,,,,,,,,,,,,,