38 Provinsi,Persentase Penduduk Miskin (P0) Menurut Provinsi dan Daerah (Persen),,,,,,,,,,,,,,,,,,,,,,,,,,,,,,,,,,,,,,,,,,,,,,,,,,,,,,,,,,,,,,,,,,,,,,,,,,,,,,,,,,,,,,,,,,,,,,,,,,,,,,,,,,,,,,,,,,,,,,,,,,,,,,,,,,,,,,,,,,,,,,,,,,,,,,,,,,,,,,,,,,,,,,,,,,,,,,,,,,,
,Perkotaan,,,,,,,,,,,,,,,,,,,,,,,,,,,,,,,,,,,,,,,,,,,,,,,,,,,,,,,,,,,,Perdesaan,,,,,,,,,,,,,,,,,,,,,,,,,,,,,,,,,,,,,,,,,,,,,,,,,,,,,,,,,,,,Jumlah,,,,,,,,,,,,,,,,,,,,,,,,,,,,,,,,,,,,,,,,,,,,,,,,,,,,,,,,,,,
,2007,,,2008,,,2009,,,2010,,,2011,,,2012,,,2013,,,2014,,,2015,,,2016,,,2017,,,2018,,,2019,,,2020,,,2021,,,2022,,,2023,,,2024,,,2025,,,2026,,,2007,,,2008,,,2009,,,2010,,,2011,,,2012,,,2013,,,2014,,,2015,,,2016,,,2017,,,2018,,,2019,,,2020,,,2021,,,2022,,,2023,,,2024,,,2025,,,2026,,,2007,,,2008,,,2009,,,2010,,,2011,,,2012,,,2013,,,2014,,,2015,,,2016,,,2017,,,2018,,,2019,,,2020,,,2021,,,2022,,,2023,,,2024,,,2025,,,2026,,
,Semester 1 (Maret),Semester 2 (September),Tahunan,Semester 1 (Maret),Semester 2 (September),Tahunan,Semester 1 (Maret),Semester 2 (September),Tahunan,Semester 1 (Maret),Semester 2 (September),Tahunan,Semester 1 (Maret),Semester 2 (September),Tahunan,Semester 1 (Maret),Semester 2 (September),Tahunan,Semester 1 (Maret),Semester 2 (September),Tahunan,Semester 1 (Maret),Semester 2 (September),Tahunan,Semester 1 (Maret),Semester 2 (September),Tahunan,Semester 1 (Maret),Semester 2 (September),Tahunan,Semester 1 (Maret),Semester 2 (September),Tahunan,Semester 1 (Maret),Semester 2 (September),Tahunan,Semester 1 (Maret),Semester 2 (September),Tahunan,Semester 1 (Maret),Semester 2 (September),Tahunan,Semester 1 (Maret),Semester 2 (September),Tahunan,Semester 1 (Maret),Semester 2 (September),Tahunan,Semester 1 (Maret),Semester 2 (September),Tahunan,Semester 1 (Maret),Semester 2 (September),Tahunan,Semester 1 (Maret),Semester 2 (September),Tahunan,Semester 1 (Maret),Semester 2 (September),Tahunan,Semester 1 (Maret),Semester 2 (September),Tahunan,Semester 1 (Maret),Semester 2 (September),Tahunan,Semester 1 (Maret),Semester 2 (September),Tahunan,Semester 1 (Maret),Semester 2 (September),Tahunan,Semester 1 (Maret),Semester 2 (September),Tahunan,Semester 1 (Maret),Semester 2 (September),Tahunan,Semester 1 (Maret),Semester 2 (September),Tahunan,Semester 1 (Maret),Semester 2 (September),Tahunan,Semester 1 (Maret),Semester 2 (September),Tahunan,Semester 1 (Maret),Semester 2 (September),Tahunan,Semester 1 (Maret),Semester 2 (September),Tahunan,Semester 1 (Maret),Semester 2 (September),Tahunan,Semester 1 (Maret),Semester 2 (September),Tahunan,Semester 1 (Maret),Semester 2 (September),Tahunan,Semester 1 (Maret),Semester 2 (September),Tahunan,Semester 1 (Maret),Semester 2 (September),Tahunan,Semester 1 (Maret),Semester 2 (September),Tahunan,Semester 1 (Maret),Semester 2 (September),Tahunan,Semester 1 (Maret),Semester 2 (September),Tahunan,Semester 1 (Maret),Semester 2 (September),Tahunan,Semester 1 (Maret),Semester 2 (September),Tahunan,Semester 1 (Maret),Semester 2 (September),Tahunan,Semester 1 (Maret),Semester 2 (September),Tahunan,Semester 1 (Maret),Semester 2 (September),Tahunan,Semester 1 (Maret),Semester 2 (September),Tahunan,Semester 1 (Maret),Semester 2 (September),Tahunan,Semester 1 (Maret),Semester 2 (September),Tahunan,Semester 1 (Maret),Semester 2 (September),Tahunan,Semester 1 (Maret),Semester 2 (September),Tahunan,Semester 1 (Maret),Semester 2 (September),Tahunan,Semester 1 (Maret),Semester 2 (September),Tahunan,Semester 1 (Maret),Semester 2 (September),Tahunan,Semester 1 (Maret),Semester 2 (September),Tahunan,Semester 1 (Maret),Semester 2 (September),Tahunan,Semester 1 (Maret),Semester 2 (September),Tahunan,Semester 1 (Maret),Semester 2 (September),Tahunan,Semester 1 (Maret),Semester 2 (September),Tahunan,Semester 1 (Maret),Semester 2 (September),Tahunan,Semester 1 (Maret),Semester 2 (September),Tahunan,Semester 1 (Maret),Semester 2 (September),Tahunan
ACEH,-,-,18.68,-,-,16.67,-,-,15.44,-,-,14.65,-,-,13.69,13.07,12.47,-,11.59,11.55,-,11.76,11.36,-,11.13,10.92,-,10.82,10.79,-,11.11,10.42,-,10.44,9.63,-,9.68,9.47,-,9.84,10.31,-,10.46,10.58,-,10.31,10.35,-,9.79,-,-,9.6,8.37,-,8.54,8.15,-,8.27,-,-,-,-,29.87,-,-,26.3,-,-,24.37,-,-,23.54,-,-,21.87,21.97,20.97,-,19.96,20.14,-,20.52,19.19,-,19.44,19.56,-,19.15,18.8,-,19.37,18.36,-,18.49,18.52,-,18.03,17.68,-,17.46,17.96,-,17.78,18.04,-,16.87,17.06,-,16.92,-,-,16.75,14.99,-,14.44,14.51,-,14.66,-,-,-,-,26.65,-,-,23.53,-,-,21.8,-,-,20.98,-,-,19.57,19.46,18.58,-,17.6,17.72,-,18.05,16.98,-,17.08,17.11,-,16.73,16.43,-,16.89,15.92,-,15.97,15.68,-,15.32,15.01,-,14.99,15.43,-,15.33,15.53,-,14.64,14.75,-,14.45,-,-,14.23,12.64,-,12.33,12.22,-,12.34,-,-
SUMATERA UTARA,-,-,14.21,-,-,12.85,-,-,11.45,-,-,11.34,-,-,10.75,10.32,10.28,-,9.98,10.45,-,9.35,9.81,-,10.16,10.51,-,9.75,9.69,-,9.8,8.96,-,9.15,8.84,-,8.56,8.39,-,8.73,9.25,-,9.15,8.68,-,8.76,8.63,-,8.23,-,-,7.93,7.01,-,7.1,7.16,-,7.05,-,-,-,-,13.63,-,-,12.29,-,-,11.56,-,-,11.29,-,-,11.89,11.01,10.53,-,10.13,10.33,-,9.4,9.89,-,10.89,11.06,-,10.97,10.86,-,10.66,9.62,-,9.3,9.05,-,9.14,8.93,-,8.77,9.02,-,8.84,8.26,-,7.98,7.96,-,8.03,-,-,8.08,7.44,-,7.71,7.35,-,7.17,-,-,-,-,13.9,-,-,12.55,-,-,11.51,-,-,11.31,-,-,11.33,10.67,10.41,-,10.06,10.39,-,9.38,9.85,-,10.53,10.79,-,10.35,10.27,-,10.22,9.28,-,9.22,8.94,-,8.83,8.63,-,8.75,9.14,-,9.01,8.49,-,8.42,8.33,-,8.15,-,-,7.99,7.19,-,7.36,7.24,-,7.1,-,-
SUMATERA BARAT,-,-,9.78,-,-,8.3,-,-,7.5,-,-,6.84,-,-,7.42,6.67,6.45,-,6.17,6.38,-,5.43,5.41,-,5.73,5.73,-,5.54,5.52,-,5.14,5.11,-,4.86,4.99,-,4.76,4.71,-,4.97,5.22,-,5.3,4.83,-,4.95,4.9,-,4.67,-,-,4.72,4.16,-,3.91,3.75,-,3.82,-,-,-,-,13.01,-,-,11.91,-,-,10.6,-,-,10.88,-,-,10.07,9.14,8.99,-,9.39,8.3,-,8.68,7.84,-,8.35,7.35,-,8.16,8.27,-,8.1,7.94,-,8.07,7.9,-,7.88,7.69,-,7.43,7.83,-,7.91,7.23,-,6.86,7.2,-,7.23,-,-,7.28,6.79,-,6.93,7.03,-,6.88,-,-,-,-,11.9,-,-,10.67,-,-,9.54,-,-,9.5,-,-,9.04,8.19,8,-,8.14,7.56,-,7.41,6.89,-,7.31,6.71,-,7.09,7.14,-,6.87,6.75,-,6.65,6.55,-,6.42,6.29,-,6.28,6.56,-,6.63,6.04,-,5.92,6.04,-,5.95,-,-,5.97,5.42,-,5.35,5.31,-,5.27,-,-
RIAU,-,-,9.53,-,-,9.12,-,-,8.04,-,-,7.17,-,-,6.37,6.43,6.68,-,6.15,6.68,-,6.9,6.53,-,6.79,7.05,-,6.4,6.38,-,6.79,6.55,-,6.35,6.25,-,6.28,6,-,6.12,6.39,-,6.52,6.72,-,6.34,6.49,-,6.73,-,-,6.76,6.11,-,5.75,5.61,-,5.26,-,-,-,-,12.9,-,-,12.16,-,-,10.93,-,-,10.15,-,-,9.83,9.36,8.94,-,8.73,9.55,-,8.92,8.93,-,9.46,9.95,-,9,8.51,-,8.43,7.99,-,8.09,7.86,-,7.62,7.51,-,7.29,7.47,-,7.51,7.19,-,7.08,7.07,-,6.65,-,-,6.61,6.52,-,6.43,6.76,-,6.83,-,-,-,-,11.2,-,-,10.63,-,-,9.48,-,-,8.65,-,-,8.47,8.22,8.05,-,7.72,8.42,-,8.12,7.99,-,8.42,8.82,-,7.98,7.67,-,7.78,7.41,-,7.39,7.21,-,7.08,6.9,-,6.82,7.04,-,7.12,7,-,6.78,6.84,-,6.68,-,-,6.67,6.36,-,6.16,6.3,-,6.19,-,-
JAMBI,-,-,15.42,-,-,13.28,-,-,12.71,-,-,11.8,-,-,11.19,10.44,10.53,-,9.89,10.41,-,9.85,10.67,-,11.6,12.11,-,10.86,10.73,-,10.94,10.53,-,10.41,10.08,-,9.81,9.75,-,10.41,11.22,-,11.52,10.5,-,10.51,10.48,-,10.19,-,-,9.5,9.6,-,9.52,9.25,-,9.07,-,-,-,-,7.81,-,-,7.43,-,-,6.88,-,-,6.67,-,-,7.53,7.52,7.29,-,7.27,7.54,-,7.07,7.39,-,7.67,7.82,-,7.32,7.3,-,6.92,6.66,-,6.75,6.8,-,6.53,6.44,-,6.23,6.4,-,6.42,6.28,-,6.19,6.32,-,6.28,-,-,5.9,6.08,-,6.01,5.7,-,5.45,-,-,-,-,10.27,-,-,9.32,-,-,8.77,-,-,8.34,-,-,8.65,8.42,8.28,-,8.07,8.42,-,7.92,8.39,-,8.86,9.12,-,8.41,8.37,-,8.19,7.9,-,7.92,7.85,-,7.6,7.51,-,7.58,7.97,-,8.09,7.67,-,7.62,7.7,-,7.58,-,-,7.1,7.26,-,7.19,6.89,-,6.67,-,-
SUMATERA SELATAN,-,-,20.3,-,-,18.87,-,-,16.93,-,-,16.73,-,-,15.15,14.16,13.29,-,13.77,13.28,-,12.93,12.96,-,13.62,12.51,-,12.74,12.73,-,12.45,12.36,-,12.18,12.43,-,12.19,11.94,-,12.16,12.52,-,12.36,11.99,-,11.23,11.37,-,11.07,-,-,10.04,9.02,-,9.1,8.91,-,8.48,-,-,-,-,18.43,-,-,17.01,-,-,15.87,-,-,14.67,-,-,13.73,13.57,13.58,-,14.5,14.5,-,14.46,13.99,-,14.6,14.47,-,13.99,13.77,-,13.62,13.54,-,13.17,13.05,-,13.02,12.93,-,12.96,13.25,-,13.12,13.28,-,12.31,12.3,-,12.21,-,-,11.53,11.43,-,10.79,10.43,-,10.13,-,-,-,-,19.15,-,-,17.73,-,-,16.28,-,-,15.47,-,-,14.24,13.78,13.48,-,14.24,14.06,-,13.91,13.62,-,14.25,13.77,-,13.54,13.39,-,13.19,13.1,-,12.8,12.82,-,12.71,12.56,-,12.66,12.98,-,12.84,12.79,-,11.9,11.95,-,11.78,-,-,10.97,10.51,-,10.15,9.85,-,9.5,-,-
BENGKULU,-,-,23,-,-,21.95,-,-,19.16,-,-,18.75,-,-,17.74,17.18,16.89,-,16.64,17.29,-,18.22,17.19,-,17.79,18.15,-,16.19,16.16,-,16.33,15.41,-,15.25,14.94,-,14.7,14.13,-,14.77,15.06,-,15.1,14.73,-,14.88,14.53,-,14.21,-,-,13.56,12.32,-,12.34,13.23,-,12.73,-,-,-,-,21.66,-,-,19.93,-,-,18.28,-,-,18.05,-,-,17.39,17.94,17.8,-,19.1,17.97,-,17.14,17.04,-,17.93,16.71,-,17.85,17.43,-,16.51,15.67,-,15.52,15.64,-,15.49,15.3,-,15.16,15.42,-,15.28,14.28,-,14.49,14.24,-,13.96,-,-,13.56,12.63,-,11.95,11.19,-,11.37,-,-,-,-,22.13,-,-,20.64,-,-,18.59,-,-,18.3,-,-,17.5,17.7,17.51,-,18.34,17.75,-,17.48,17.09,-,17.88,17.16,-,17.32,17.03,-,16.45,15.59,-,15.43,15.41,-,15.23,14.91,-,15.03,15.3,-,15.22,14.43,-,14.62,14.34,-,14.04,-,-,13.56,12.52,-,12.08,11.88,-,11.83,-,-
LAMPUNG,-,-,18.11,-,-,17.85,-,-,16.78,-,-,14.3,-,-,12.27,12,11.88,-,11.59,10.89,-,11.08,10.68,-,10.94,9.25,-,10.53,10.15,-,10.03,9.13,-,9.27,9.06,-,8.92,8.6,-,9.02,9.59,-,9.29,8.5,-,8.31,8.34,-,8.02,-,-,8.18,7.91,-,7.49,7.37,-,7.28,-,-,-,-,23.7,-,-,22.14,-,-,21.49,-,-,20.65,-,-,18.54,17.63,16.96,-,16,15.62,-,15.41,15.46,-,15.56,15.05,-,15.69,15.24,-,15.08,14.56,-,14.76,14.73,-,14.27,13.96,-,13.83,14.22,-,14.18,13.18,-,13.14,12.96,-,12.65,-,-,11.97,12.04,-,11.32,10.88,-,10.41,-,-,-,-,22.19,-,-,20.98,-,-,20.22,-,-,18.94,-,-,16.93,16.18,15.65,-,14.86,14.39,-,14.28,14.21,-,14.35,13.53,-,14.29,13.86,-,13.69,13.04,-,13.14,13.01,-,12.62,12.3,-,12.34,12.76,-,12.62,11.67,-,11.57,11.44,-,11.11,-,-,10.69,10.62,-,10,9.66,-,9.31,-,-
KEP. BANGKA BELITUNG,-,-,8.09,-,-,7.57,-,-,5.86,-,-,4.39,-,-,4.11,3.95,3.73,-,3.47,3.47,-,3.39,3.04,-,2.98,2.77,-,2.78,2.67,-,2.89,3,-,3.09,2.78,-,2.85,2.98,-,3.06,3.43,-,3.57,3.22,-,3.09,3.48,-,3.54,-,-,3.39,4.09,-,3.89,3.59,-,3.53,-,-,-,-,10.87,-,-,9.52,-,-,8.93,-,-,8.45,-,-,7.35,7.06,6.96,-,6.91,6.97,-,7.27,6.84,-,7.75,6.83,-,7.72,7.57,-,7.74,7.92,-,7.76,7.16,-,6.79,6.38,-,6.33,6.75,-,6.63,6.57,-,6.26,6.13,-,5.85,-,-,6.17,6.49,-,6.59,6.5,-,6.54,-,-,-,-,9.54,-,-,8.58,-,-,7.46,-,-,6.51,-,-,5.75,5.53,5.37,-,5.21,5.25,-,5.36,4.97,-,5.4,4.83,-,5.22,5.04,-,5.2,5.3,-,5.25,4.77,-,4.62,4.5,-,4.53,4.89,-,4.9,4.67,-,4.45,4.61,-,4.52,-,-,4.55,5.08,-,5,4.77,-,4.75,-,-
KEP. RIAU,-,-,10.08,-,-,8.81,-,-,7.63,-,-,7.87,-,-,7.35,7.15,6.77,-,6.23,5.79,-,6.09,5.61,-,5.46,5,-,5.16,4.99,-,5.2,5.39,-,5.45,5.15,-,5.33,5.26,-,5.42,5.69,-,5.72,5.37,-,5.68,5.46,-,5.05,-,-,4.85,4.36,-,4.13,3.85,-,3.68,-,-,-,-,10.54,-,-,9.6,-,-,8.98,-,-,8.24,-,-,7.65,6.94,7.08,-,7.48,9.21,-,9.86,10.54,-,10.23,9.75,-,10.43,10.47,-,10.92,10.49,-,10.77,11.26,-,11.04,10.67,-,10.43,11.25,-,11.1,10.45,-,10.68,10.63,-,10.69,-,-,9.94,8.55,-,8.33,8.7,-,8.65,-,-,-,-,10.3,-,-,9.18,-,-,8.27,-,-,8.05,-,-,7.4,7.11,6.83,-,6.46,6.35,-,6.7,6.4,-,6.24,5.78,-,5.98,5.84,-,6.06,6.13,-,6.2,5.83,-,5.9,5.8,-,5.92,6.13,-,6.12,5.75,-,6.24,6.03,-,5.69,-,-,5.37,4.78,-,4.44,4.26,-,4.09,-,-
DKI JAKARTA,-,-,4.61,-,-,4.29,-,-,3.62,-,-,3.48,-,-,3.75,3.69,3.7,-,3.55,3.72,-,3.92,4.09,-,3.93,3.61,-,3.75,3.75,-,3.77,3.78,-,3.57,3.55,-,3.47,3.42,-,4.53,4.69,-,4.72,4.67,-,4.69,4.61,-,4.44,-,-,4.3,4.14,-,4.28,4.03,-,3.96,-,-,-,-,-,-,-,-,-,-,-,-,-,-,-,-,-,-,0,-,-,-,-,-,-,-,-,-,-,-,0,-,-,-,-,-,-,-,-,-,-,-,-,-,-,-,-,-,-,-,-,-,-,-,-,-,-,-,-,-,-,-,-,-,4.61,-,-,4.29,-,-,3.62,-,-,3.48,-,-,3.75,3.69,3.7,-,3.55,3.72,-,3.92,4.09,-,3.93,3.61,-,3.75,3.75,-,3.77,3.78,-,3.57,3.55,-,3.47,3.42,-,4.53,4.69,-,4.72,4.67,-,4.69,4.61,-,4.44,-,-,4.3,4.14,-,4.28,4.03,-,3.96,-,-
JAWA BARAT,-,-,11.21,-,-,10.88,-,-,10.33,-,-,9.43,-,-,9.26,8.84,8.71,-,8.44,8.69,-,8.47,8.32,-,8.43,8.58,-,7.67,7.55,-,7.52,6.76,-,6.47,6.33,-,6.03,5.98,-,7.14,7.79,-,7.82,7.48,-,7.57,7.52,-,7.19,-,-,7.07,6.65,-,6.76,6.66,-,6.32,-,-,-,-,16.88,-,-,16.05,-,-,14.28,-,-,13.88,-,-,13.32,12.48,12.13,-,11.59,11.42,-,11.35,10.88,-,11.82,11.61,-,11.8,11.72,-,11.75,10.77,-,10.25,10.07,-,9.79,9.58,-,10.27,10.64,-,10.46,9.76,-,9.88,9.75,-,9.3,-,-,9.07,8.85,-,8.15,7.28,-,7.48,-,-,-,-,13.55,-,-,13.01,-,-,11.96,-,-,11.27,-,-,10.65,10.09,9.89,-,9.52,9.61,-,9.44,9.18,-,9.53,9.57,-,8.95,8.77,-,8.71,7.83,-,7.45,7.25,-,6.91,6.82,-,7.88,8.43,-,8.4,7.97,-,8.06,7.98,-,7.62,-,-,7.46,7.08,-,7.02,6.78,-,6.54,-,-
JAWA TENGAH,-,-,17.23,-,-,16.34,-,-,15.41,-,-,14.33,-,-,14.12,13.49,13.11,-,12.87,12.53,-,12.68,11.5,-,11.85,11.5,-,11.44,11.38,-,11.21,10.55,-,9.73,9.67,-,9.2,8.99,-,10.09,10.57,-,10.58,10.16,-,9.92,10.02,-,9.78,-,-,9.71,8.83,-,9.1,8.99,-,8.59,-,-,-,-,23.45,-,-,21.96,-,-,19.89,-,-,18.66,-,-,17.14,16.89,16.55,-,15.99,16.05,-,15.96,15.35,-,15.05,14.86,-,14.89,14.88,-,14.77,13.92,-,12.99,12.8,-,12.48,12.26,-,12.8,13.2,-,13.07,12.44,-,12.04,12.05,-,11.87,-,-,11.34,10.45,-,9.92,9.87,-,9.96,-,-,-,-,20.43,-,-,19.23,-,-,17.72,-,-,16.56,-,-,15.76,15.34,14.98,-,14.56,14.44,-,14.46,13.58,-,13.58,13.32,-,13.27,13.19,-,13.01,12.23,-,11.32,11.19,-,10.8,10.58,-,11.41,11.84,-,11.79,11.25,-,10.93,10.98,-,10.77,-,-,10.47,9.58,-,9.48,9.39,-,9.21,-,-
DI YOGYAKARTA,-,-,15.63,-,-,14.99,-,-,14.25,-,-,13.98,-,-,13.16,13.13,13.1,-,13.43,13.73,-,13.81,13.36,-,13.43,11.93,-,11.79,11.68,-,11.72,11,-,11.03,10.73,-,10.89,10.62,-,11.53,12.17,-,12.23,11.2,-,10.56,10.64,-,10.27,-,-,10.29,10.11,-,10.16,9.99,-,9.55,-,-,-,-,25.03,-,-,24.32,-,-,22.6,-,-,21.95,-,-,21.82,21.76,21.29,-,19.29,17.62,-,17.36,16.88,-,17.85,15.62,-,16.63,16.27,-,16.11,15.86,-,15.12,14.71,-,13.89,13.67,-,14.31,14.57,-,14.44,13.99,-,13.65,14,-,13.36,-,-,12.49,11.31,-,10.46,10.37,-,10.18,-,-,-,-,18.99,-,-,18.32,-,-,17.23,-,-,16.83,-,-,16.08,16.05,15.88,-,15.43,15.03,-,15,14.55,-,14.91,13.16,-,13.34,13.1,-,13.02,12.36,-,12.13,11.81,-,11.7,11.44,-,12.28,12.8,-,12.8,11.91,-,11.34,11.49,-,11.04,-,-,10.83,10.4,-,10.23,10.08,-,9.7,-,-
JAWA TIMUR,-,-,14.71,-,-,13.15,-,-,12.17,-,-,10.58,-,-,9.87,9.06,8.9,-,8.57,8.9,-,8.35,8.3,-,8.19,8.41,-,7.94,7.91,-,7.87,7.13,-,7.06,6.97,-,6.84,6.77,-,7.89,8.37,-,8.38,7.99,-,7.71,7.78,-,7.5,-,-,7.12,6.83,-,7,6.93,-,6.66,-,-,-,-,25.02,-,-,23.64,-,-,21,-,-,19.74,-,-,18.19,17.35,16.88,-,16.15,16.23,-,16.13,15.92,-,16.18,15.84,-,16.01,15.83,-,15.82,15.58,-,15.3,15.21,-,14.43,14.16,-,14.77,15.16,-,15.05,13.79,-,13.69,13.9,-,13.98,-,-,13.3,13.19,-,12.86,12.55,-,12.38,-,-,-,-,19.98,-,-,18.51,-,-,16.68,-,-,15.26,-,-,14.23,13.4,13.08,-,12.55,12.73,-,12.42,12.28,-,12.34,12.28,-,12.05,11.85,-,11.77,11.2,-,10.98,10.85,-,10.37,10.2,-,11.09,11.46,-,11.4,10.59,-,10.38,10.49,-,10.35,-,-,9.79,9.56,-,9.5,9.3,-,9.06,-,-
BANTEN,-,-,6.79,-,-,6.15,-,-,5.62,-,-,4.99,-,-,4.61,4.46,4.41,-,4.76,5.27,-,4.73,4.74,-,5.03,5.11,-,4.51,4.49,-,4.52,4.69,-,4.38,4.24,-,4.12,4,-,5.03,5.85,-,5.93,6.04,-,5.73,5.89,-,6,-,-,5.69,5.57,-,5.58,5.35,-,5.21,-,-,-,-,12.52,-,-,11.18,-,-,10.7,-,-,10.44,-,-,9.75,8.65,8.31,-,7.72,7.22,-,6.67,7.18,-,7.78,7.12,-,7.45,7.32,-,7.61,7.81,-,7.33,7.67,-,7.49,7.31,-,8.18,8.57,-,8.49,7.72,-,7.46,7.29,-,6.79,-,-,6.44,6.2,-,5.89,6.27,-,6.23,-,-,-,-,9.07,-,-,8.15,-,-,7.64,-,-,7.16,-,-,6.32,5.85,5.71,-,5.74,5.89,-,5.35,5.51,-,5.9,5.75,-,5.42,5.36,-,5.45,5.59,-,5.24,5.25,-,5.09,4.94,-,5.92,6.63,-,6.66,6.5,-,6.16,6.24,-,6.17,-,-,5.84,5.7,-,5.63,5.51,-,5.38,-,-
BALI,-,-,6.01,-,-,5.7,-,-,4.5,-,-,4.04,-,-,3.91,3.77,3.81,-,3.9,4.17,-,4.01,4.35,-,4.31,4.52,-,3.68,3.53,-,3.58,3.46,-,3.32,3.36,-,3.29,3.04,-,3.33,4.04,-,4.12,4.33,-,4.23,4.12,-,3.77,-,-,3.55,3.32,-,3.27,3.06,-,3.06,-,-,-,-,7.47,-,-,6.81,-,-,5.98,-,-,6.02,-,-,4.65,4.79,4.17,-,4.04,5,-,5.34,5.39,-,5.44,6.42,-,5.23,5.21,-,5.45,5.42,-,5.38,5.08,-,4.88,4.86,-,4.78,5.4,-,5.52,5.68,-,5.39,5.58,-,5.5,-,-,5.2,5.11,-,4.97,4.44,-,4.54,-,-,-,-,6.63,-,-,6.17,-,-,5.13,-,-,4.88,-,-,4.2,4.18,3.95,-,3.95,4.49,-,4.53,4.76,-,4.74,5.25,-,4.25,4.15,-,4.25,4.14,-,4.01,3.91,-,3.79,3.61,-,3.78,4.45,-,4.53,4.72,-,4.57,4.53,-,4.25,-,-,4,3.8,-,3.72,3.42,-,3.44,-,-
NUSA TENGGARA BARAT,-,-,30.44,-,-,29.47,-,-,28.84,-,-,28.16,-,-,23.67,22.69,21.65,-,20.28,18.69,-,18.54,19.17,-,19.24,18.4,-,18.2,17.55,-,17.53,16.23,-,15.94,15.66,-,15.74,14.85,-,14.9,15.05,-,14.92,14.54,-,14.1,13.98,-,13.76,-,-,12.86,11.64,-,12.02,11.7,-,11.25,-,-,-,-,21.06,-,-,19.73,-,-,18.4,-,-,16.78,-,-,16.9,15.72,15.41,-,16.32,16.22,-,16.31,15.52,-,15.53,15.18,-,15.17,14.82,-,14.89,14.06,-,13.72,13.69,-,13.45,12.97,-,13.09,13.42,-,13.37,13.12,-,13.24,13.66,-,13.95,-,-,12.95,12.21,-,11.51,11.02,-,11.08,-,-,-,-,24.99,-,-,23.81,-,-,22.78,-,-,21.55,-,-,19.73,18.63,18.02,-,17.97,17.25,-,17.25,17.05,-,17.1,16.54,-,16.48,16.02,-,16.07,15.05,-,14.75,14.63,-,14.56,13.88,-,13.97,14.23,-,14.14,13.83,-,13.68,13.82,-,13.85,-,-,12.91,11.91,-,11.78,11.38,-,11.17,-,-
NUSA TENGGARA TIMUR,-,-,16.41,-,-,15.5,-,-,14.01,-,-,13.57,-,-,12.5,12.22,12.21,-,11.54,10.1,-,10.23,10.68,-,11.28,9.41,-,10.58,10.17,-,10.32,10.11,-,9.94,9.09,-,8.84,8.34,-,8.64,8.76,-,8.6,8.57,-,8.84,9,-,9.12,-,-,8.57,8.11,-,7.68,6.96,-,6.71,-,-,-,-,29.95,-,-,27.88,-,-,25.35,-,-,25.1,-,-,23.36,22.98,22.41,-,22.13,22.69,-,22.15,21.78,-,25.46,25.89,-,25.17,25.19,-,25.03,24.59,-,24.74,24.65,-,24.91,24.45,-,24.73,25.26,-,25.08,24.42,-,23.86,24.11,-,23.76,-,-,23.41,23.02,-,22.66,21.48,-,21.64,-,-,-,-,27.51,-,-,25.65,-,-,23.31,-,-,23.03,-,-,21.23,20.88,20.41,-,20.03,20.24,-,19.82,19.6,-,22.61,22.58,-,22.19,22.01,-,21.85,21.38,-,21.35,21.03,-,21.09,20.62,-,20.9,21.21,-,20.99,20.44,-,20.05,20.23,-,19.96,-,-,19.48,19.02,-,18.6,17.5,-,17.52,-,-
KALIMANTAN BARAT,-,-,11.45,-,-,9.98,-,-,7.23,-,-,6.31,-,-,6.33,5.98,5.49,-,5.3,5.68,-,5.76,5.47,-,5.62,6,-,5.16,4.97,-,4.88,5.25,-,5.03,4.58,-,4.6,4.61,-,4.69,4.86,-,4.68,4.72,-,4.44,4.63,-,4.44,-,-,4.25,4.62,-,4.48,4.29,-,4.32,-,-,-,-,13.47,-,-,11.49,-,-,10.09,-,-,10.06,-,-,9.59,9.11,9.04,-,9.51,10.07,-,9.76,9.2,-,9.09,9.51,-,9.11,9.38,-,9.28,9.09,-,9.16,8.84,-,9.05,8.73,-,8.5,8.57,-,8.54,8.05,-,8.06,8.1,-,8.07,-,-,7.58,7.26,-,7.22,7.05,-,6.72,-,-,-,-,12.91,-,-,11.07,-,-,9.3,-,-,9.02,-,-,8.6,8.17,7.96,-,8.24,8.74,-,8.54,8.07,-,8.03,8.44,-,7.87,8,-,7.88,7.86,-,7.77,7.37,-,7.49,7.28,-,7.17,7.24,-,7.15,6.84,-,6.73,6.81,-,6.71,-,-,6.32,6.25,-,6.16,5.97,-,5.78,-,-
KALIMANTAN TENGAH,-,-,6.72,-,-,5.81,-,-,4.45,-,-,4.03,-,-,3.91,4.26,4.21,-,4.3,5.8,-,4.98,4.75,-,4.86,5.68,-,4.6,4.49,-,4.59,5.01,-,4.7,4.56,-,4.47,4.28,-,4.62,4.92,-,4.86,5.08,-,5.17,5.09,-,4.78,-,-,4.89,5.22,-,5.46,4.84,-,4.86,-,-,-,-,10.76,-,-,10.2,-,-,8.34,-,-,8.19,-,-,7.89,7.64,7.19,-,6.75,6.45,-,6.57,6.74,-,6.5,6.02,-,6.23,5.83,-,5.81,5.41,-,5.47,5.45,-,5.33,5.17,-,4.96,5.5,-,5.38,5.23,-,5.36,5.32,-,5.35,-,-,5.38,5.29,-,4.97,5.02,-,5.27,-,-,-,-,9.38,-,-,8.71,-,-,7.02,-,-,6.77,-,-,6.56,6.51,6.19,-,5.93,6.23,-,6.03,6.07,-,5.94,5.91,-,5.66,5.36,-,5.37,5.26,-,5.17,5.1,-,4.98,4.81,-,4.82,5.26,-,5.16,5.16,-,5.28,5.22,-,5.11,-,-,5.17,5.26,-,5.19,4.94,-,5.09,-,-
KALIMANTAN SELATAN,-,-,6.01,-,-,5.79,-,-,4.82,-,-,4.54,-,-,3.84,3.68,3.56,-,3.25,3.75,-,3.79,3.68,-,3.91,4.27,-,3.48,3.43,-,3.46,3.59,-,3.54,3.6,-,3.53,3.47,-,3.61,3.83,-,3.89,3.81,-,3.64,4.03,-,3.84,-,-,3.62,3.59,-,3.43,2.91,-,2.81,-,-,-,-,7.72,-,-,6.97,-,-,5.33,-,-,5.69,-,-,6.34,6.07,6.07,-,5.88,5.5,-,5.33,5.64,-,5.78,5.06,-,5.89,5.37,-,5.73,5.6,-,5.4,5.56,-,5.47,5.36,-,5.08,5.76,-,5.71,5.28,-,5.31,5.17,-,4.72,-,-,4.61,4.46,-,4.25,4.58,-,4.5,-,-,-,-,7.01,-,-,6.48,-,-,5.12,-,-,5.21,-,-,5.29,5.06,5.01,-,4.77,4.76,-,4.68,4.81,-,4.99,4.72,-,4.85,4.52,-,4.73,4.7,-,4.54,4.65,-,4.55,4.47,-,4.38,4.83,-,4.83,4.56,-,4.49,4.61,-,4.29,-,-,4.11,4.02,-,3.84,3.73,-,3.63,-,-
KALIMANTAN TIMUR,-,-,7.44,-,-,5.89,-,-,4,-,-,4.02,-,-,4.06,4.05,3.82,-,3.71,3.99,-,4.01,3.98,-,4.03,3.73,-,3.93,3.86,-,3.99,4.27,-,4.14,4.36,-,4.31,4.29,-,4.45,5.1,-,5.01,4.74,-,4.8,4.97,-,4.68,-,-,4.47,4.41,-,4.16,4.31,-,4.15,-,-,-,-,16.98,-,-,15.47,-,-,13.86,-,-,13.66,-,-,11.21,11.01,10.56,-,9.9,10.24,-,10.33,10.06,-,9.96,10.13,-,10.05,10.15,-,10.5,9.74,-,9.84,9.65,-,9.31,9.26,-,9.51,9.98,-,9.87,9.63,-,9.64,9.71,-,9.28,-,-,8.76,8,-,7.48,7.24,-,7.42,-,-,-,-,11.04,-,-,9.51,-,-,7.73,-,-,7.66,-,-,6.77,6.68,6.38,-,6.06,6.38,-,6.42,6.31,-,6.23,6.1,-,6.11,6,-,6.19,6.08,-,6.03,6.06,-,5.94,5.91,-,6.1,6.64,-,6.54,6.27,-,6.31,6.44,-,6.11,-,-,5.78,5.51,-,5.17,5.19,-,5.14,-,-
KALIMANTAN UTARA,-,-,-,-,-,-,-,-,-,-,-,-,-,-,-,-,-,-,-,-,-,-,-,-,3.67,3.68,-,3.78,4.5,-,4.59,5.39,-,5.46,5.16,-,5.1,4.86,-,5.06,5.74,-,5.85,5.32,-,5.66,5.58,-,5.18,-,-,4.73,5.07,-,5.27,5.86,-,5.42,-,-,-,-,-,-,-,-,-,-,-,-,-,-,-,-,-,-,-,-,-,-,-,-,-,-,9.49,9.67,-,9.47,10.29,-,10.78,9.14,-,9.36,9.48,-,9.02,9,-,9.46,10.07,-,9.82,9.31,-,8.75,9.15,-,8.74,-,-,9.23,5.96,-,5.98,4.72,-,4.73,-,-,-,-,-,-,-,-,-,-,-,-,-,-,-,-,-,-,-,-,-,-,-,-,-,-,6.24,6.32,-,6.23,6.99,-,7.22,6.96,-,7.09,6.86,-,6.63,6.49,-,6.8,7.41,-,7.36,6.83,-,6.77,6.86,-,6.45,-,-,6.32,5.38,-,5.54,5.47,-,5.18,-,-
SULAWESI UTARA,-,-,8.31,-,-,7.56,-,-,8.14,-,-,7.75,-,-,7.46,7.11,6.36,-,6.04,6.12,-,5.51,5.57,-,5.52,5.26,-,5.34,5.22,-,5.14,5.03,-,5.13,4.82,-,5.01,4.95,-,5.22,5.31,-,5.36,5.09,-,5.14,5.04,-,4.91,-,-,4.75,4.07,-,4.25,3.95,-,3.85,-,-,-,-,13.8,-,-,12.04,-,-,11.05,-,-,10.14,-,-,9.37,9.05,8.69,-,9.4,10.46,-,11.41,10.47,-,11.27,12.1,-,10.97,10.82,-,10.77,10.59,-,10.48,10.57,-,10.56,10.3,-,10.25,10.64,-,10.61,10.07,-,9.77,10.16,-,10.38,-,-,10.35,10.14,-,9.95,10.11,-,9.59,-,-,-,-,11.42,-,-,10.1,-,-,9.79,-,-,9.1,-,-,8.51,8.18,7.64,-,7.88,8.5,-,8.75,8.26,-,8.65,8.98,-,8.34,8.2,-,8.1,7.9,-,7.8,7.59,-,7.66,7.51,-,7.62,7.78,-,7.77,7.36,-,7.28,7.34,-,7.38,-,-,7.25,6.7,-,6.71,6.62,-,6.32,-,-
SULAWESI TENGAH,-,-,12.86,-,-,11.47,-,-,10.09,-,-,9.82,-,-,9.46,9.24,9.02,-,8.9,9.45,-,9.77,10.35,-,10.93,11.06,-,10.18,10.07,-,10.16,10.39,-,10.15,9.5,-,9.32,8.9,-,8.76,9.21,-,9.15,8.82,-,9.03,9.13,-,8.9,-,-,8.61,7.34,-,6.98,6.4,-,6.62,-,-,-,-,24.97,-,-,23.22,-,-,21.35,-,-,20.26,-,-,17.89,17.39,16.85,-,16.53,15.89,-,15.27,14.66,-,15.9,15.07,-,15.91,15.48,-,15.54,15.59,-,15.51,15.41,-,15.26,15.01,-,14.69,14.76,-,14.73,13.71,-,13.87,13.79,-,14.09,-,-,13.33,12.9,-,12.93,12.66,-,12.48,-,-,-,-,22.42,-,-,20.75,-,-,18.98,-,-,18.07,-,-,15.83,15.4,14.94,-,14.67,14.32,-,13.93,13.61,-,14.66,14.07,-,14.45,14.09,-,14.14,14.22,-,14.01,13.69,-,13.48,13.18,-,12.92,13.06,-,13,12.18,-,12.33,12.3,-,12.41,-,-,11.77,11.04,-,10.92,10.52,-,10.46,-,-
SULAWESI SELATAN,-,-,6.18,-,-,6.05,-,-,4.94,-,-,4.7,-,-,4.61,4.31,4.44,-,4.89,5.23,-,5.22,4.93,-,4.61,4.93,-,4.51,4.47,-,4.48,4.76,-,4.61,4.48,-,4.44,4.22,-,4.49,4.92,-,4.77,4.89,-,5.07,4.98,-,5.01,-,-,5.08,5.21,-,5.14,5.17,-,4.65,-,-,-,-,17.87,-,-,16.79,-,-,15.81,-,-,14.88,-,-,13.57,13.46,12.93,-,12.24,13.31,-,13.25,12.25,-,12.23,13.22,-,12.46,12.3,-,12.59,12.65,-,12.24,12.15,-,11.95,11.9,-,11.97,12.25,-,12.05,11.55,-,11.63,11.81,-,11.91,-,-,10.74,10.11,-,9.88,9.56,-,9.72,-,-,-,-,14.11,-,-,13.34,-,-,12.31,-,-,11.6,-,-,10.29,10.11,9.82,-,9.54,10.32,-,10.28,9.54,-,9.39,10.12,-,9.4,9.24,-,9.38,9.48,-,9.06,8.87,-,8.69,8.56,-,8.72,8.99,-,8.78,8.53,-,8.63,8.66,-,8.7,-,-,8.06,7.77,-,7.6,7.43,-,7.24,-,-
SULAWESI TENGGARA,-,-,6.24,-,-,5.29,-,-,4.96,-,-,4.1,-,-,4.8,4.99,4.62,-,4.92,5.52,-,7.06,6.62,-,7.24,7.84,-,6.74,6.87,-,7.56,7.14,-,6.56,6.87,-,6.81,6.81,-,7.14,7.62,-,7.66,7.14,-,6.95,7.22,-,7.4,-,-,7.45,6.78,-,6.42,6.65,-,6.17,-,-,-,-,25.84,-,-,23.78,-,-,23.11,-,-,20.92,-,-,18.24,17,16.24,-,15.82,16.92,-,16.78,15.17,-,15.19,16.12,-,15.49,15.31,-,15.29,14.74,-,14.77,14.07,-,14.09,13.77,-,13.5,13.93,-,13.89,14.34,-,13.57,13.6,-,13.94,-,-,13.6,13.07,-,13.13,12.66,-,12.83,-,-,-,-,21.33,-,-,19.53,-,-,18.93,-,-,17.05,-,-,14.56,13.71,13.06,-,12.83,13.73,-,14.05,12.77,-,12.9,13.74,-,12.88,12.77,-,12.81,11.97,-,11.63,11.32,-,11.24,11.04,-,11,11.69,-,11.66,11.74,-,11.17,11.27,-,11.43,-,-,11.21,10.63,-,10.54,10.14,-,10.02,-,-
GORONTALO,-,-,11.08,-,-,9.87,-,-,7.89,-,-,6.29,-,-,5.37,4.51,4.8,-,4.77,6,-,6.6,6.24,-,6.48,6.84,-,5.84,5.78,-,5.64,4.9,-,5.26,4.45,-,4.21,3.99,-,3.97,4.18,-,4.23,4.06,-,3.97,4.49,-,4.47,-,-,4.57,4.99,-,4.68,4.46,-,4.3,-,-,-,-,34.76,-,-,31.72,-,-,32.82,-,-,30.89,-,-,25.65,23.93,23.63,-,24.07,24.22,-,23.1,23.21,-,24.62,24.17,-,24.41,24.3,-,24.52,24.29,-,24.09,23.86,-,23.79,23.57,-,23.45,24.32,-,24.47,24.38,-,24.42,24.52,-,23.73,-,-,22.97,21.62,-,20.8,19.86,-,19.24,-,-,-,-,27.35,-,-,24.88,-,-,25.01,-,-,23.19,-,-,18.75,17.33,17.22,-,17.51,18.01,-,17.44,17.41,-,18.32,18.16,-,17.72,17.63,-,17.65,17.14,-,16.81,15.83,-,15.52,15.31,-,15.22,15.59,-,15.61,15.41,-,15.42,15.51,-,15.15,-,-,14.57,13.87,-,13.24,12.62,-,12.16,-,-
SULAWESI BARAT,-,-,16.53,-,-,14.14,-,-,12.59,-,-,9.7,-,-,10.77,10.12,10.03,-,9.19,8.57,-,9.16,9.99,-,10.52,8.69,-,8.59,8.43,-,8.53,9.5,-,9.64,9.8,-,9.63,9.41,-,9.59,9.98,-,9.82,9.72,-,9.76,9.33,-,9.08,-,-,9.29,8.33,-,8.35,7.68,-,7.9,-,-,-,-,20.29,-,-,18.03,-,-,16.65,-,-,15.52,-,-,14.83,14.17,13.92,-,13.27,13.31,-,13.19,12.67,-,12.87,12.7,-,12.56,12,-,12.03,11.7,-,11.75,11.66,-,11.45,11.43,-,11.26,11.89,-,11.67,12.39,-,12.26,12.58,-,12.1,-,-,11.7,11.32,-,10.94,10.84,-,10.57,-,-,-,-,19.03,-,-,16.73,-,-,15.29,-,-,13.58,-,-,13.89,13.24,13.01,-,12.3,12.23,-,12.27,12.05,-,12.4,11.9,-,11.74,11.19,-,11.3,11.18,-,11.25,11.22,-,11.02,10.95,-,10.87,11.5,-,11.29,11.85,-,11.75,11.92,-,11.49,-,-,11.21,10.71,-,10.41,10.18,-,10,-,-
MALUKU,-,-,14.49,-,-,12.97,-,-,11.03,-,-,10.2,-,-,10.24,9.78,8.39,-,7.93,7.96,-,7.8,7.35,-,7.91,7.83,-,7.66,7.86,-,7.24,6.58,-,6.22,6.15,-,5.84,6.09,-,6.23,6.36,-,6.29,6.13,-,5.82,5.9,-,5.49,-,-,5.14,4.59,-,4.36,4.8,-,3.99,-,-,-,-,37.02,-,-,35.56,-,-,34.3,-,-,33.94,-,-,30.54,28.88,28.12,-,26.35,26.3,-,26.28,25.49,-,26.9,26.7,-,26.82,26.88,-,26.14,26.6,-,26.64,26.61,-,26.83,26.63,-,26.21,27.06,-,26.96,24.34,-,23.5,24.54,-,24.64,-,-,24.43,25.08,-,24.61,24.01,-,24.1,-,-,-,-,31.14,-,-,29.66,-,-,28.23,-,-,27.74,-,-,23,21.78,20.76,-,19.49,19.27,-,19.13,18.44,-,19.51,19.36,-,19.18,19.26,-,18.45,18.29,-,18.12,17.85,-,17.69,17.65,-,17.44,17.99,-,17.87,16.3,-,15.97,16.23,-,16.42,-,-,16.05,15.78,-,15.38,15.25,-,14.91,-,-
MALUKU UTARA,-,-,4.29,-,-,3.27,-,-,3.1,-,-,2.66,-,-,2.8,2.55,2.92,-,2.99,3.56,-,3.95,3.58,-,3.85,2.61,-,3.32,3.76,-,3.61,3.7,-,3.8,4.21,-,4.27,4.24,-,4.53,5.03,-,5.13,4.83,-,5.18,6.17,-,6.23,-,-,6.12,6.27,-,5.95,5.71,-,6,-,-,-,-,15.22,-,-,14.67,-,-,13.42,-,-,12.28,-,-,11.58,10.69,9.98,-,9.22,9.2,-,8.56,8.85,-,7.95,7.57,-,7.44,7.43,-,7.4,7.55,-,7.78,7.58,-,7.78,7.99,-,7.7,7.74,-,7.59,7,-,6.66,6.45,-,6.55,-,-,6.41,5.93,-,5.76,5.54,-,5.69,-,-,-,-,11.97,-,-,11.28,-,-,10.36,-,-,9.42,-,-,9.18,8.47,8.06,-,7.5,7.64,-,7.3,7.41,-,6.84,6.22,-,6.33,6.41,-,6.35,6.44,-,6.64,6.62,-,6.77,6.91,-,6.78,6.97,-,6.89,6.38,-,6.23,6.37,-,6.46,-,-,6.32,6.03,-,5.81,5.59,-,5.79,-,-
PAPUA BARAT,-,-,7.14,-,-,5.93,-,-,5.22,-,-,5.73,-,-,6.05,5.76,5.36,-,5.65,4.89,-,5.86,5.52,-,5.86,5.68,-,6.14,5.69,-,5.83,5.16,-,5.1,5.57,-,5.63,5.47,-,5.85,6.31,-,6.5,6.44,-,6.96,7.64,-,8.23,-,-,8.17,9.5,-,9.22,9.6,-,8.14,-,-,-,-,48.82,-,-,43.74,-,-,44.71,-,-,43.48,-,-,39.56,37.73,36.33,-,35.64,36.89,-,36.16,35.01,-,37.97,37.94,-,37.48,37.33,-,37.44,35.12,-,35.31,34.29,-,34.19,33.2,-,32.7,33.2,-,33.4,33.5,-,31.42,32.12,-,29.2,-,-,27.68,26.34,-,25.88,24.32,-,23.71,-,-,-,-,39.31,-,-,35.12,-,-,35.71,-,-,34.88,-,-,31.92,28.2,27.04,-,26.67,27.14,-,27.13,26.26,-,25.82,25.73,-,25.43,24.88,-,25.1,23.12,-,23.01,22.66,-,22.17,21.51,-,21.37,21.7,-,21.84,21.82,-,21.33,21.43,-,20.49,-,-,21.66,21.09,-,20.66,19.58,-,18.68,-,-
PAPUA BARAT DAYA,-,-,-,-,-,-,-,-,-,-,-,-,-,-,-,-,-,-,-,-,-,-,-,-,-,-,-,-,-,-,-,-,-,-,-,-,-,-,-,-,-,-,-,-,-,-,-,-,-,-,-,8.51,8.03,-,8.98,7.27,-,7.48,-,-,-,-,-,-,-,-,-,-,-,-,-,-,-,-,-,-,-,-,-,-,-,-,-,-,-,-,-,-,-,-,-,-,-,-,-,-,-,-,-,-,-,-,-,-,-,-,-,-,-,-,-,27.78,25.9,-,29.71,30.77,-,30.18,-,-,-,-,-,-,-,-,-,-,-,-,-,-,-,-,-,-,-,-,-,-,-,-,-,-,-,-,-,-,-,-,-,-,-,-,-,-,-,-,-,-,-,-,-,-,-,-,-,-,-,-,-,18.13,16.95,-,17.95,17.5,-,16.49,-,-
PAPUA,-,-,7.97,-,-,7.02,-,-,6.1,-,-,5.55,-,-,4.6,4.24,5.81,-,6.11,5.22,-,4.47,4.46,-,4.61,3.61,-,4.42,4.21,-,4.46,4.55,-,4.51,4.01,-,4.26,4.53,-,4.47,4.59,-,4.91,4.94,-,5.02,5.29,-,5.68,-,-,6.33,5.93,-,6.58,5.85,-,6.09,-,-,-,-,50.47,-,-,45.96,-,-,46.81,-,-,46.02,-,-,41.58,40.56,39.39,-,39.92,40.72,-,38.92,35.87,-,36.66,37.34,-,37.14,37.07,-,36.2,36.56,-,36.63,36.65,-,36.84,35.36,-,35.5,35.69,-,35.71,36.5,-,35.39,35.68,-,34.49,-,-,33.67,36.57,-,38.47,38,-,38.19,-,-,-,-,40.78,-,-,37.08,-,-,37.53,-,-,36.8,-,-,31.98,31.11,30.66,-,31.13,31.53,-,30.05,27.8,-,28.17,28.4,-,28.54,28.4,-,27.62,27.76,-,27.74,27.43,-,27.53,26.55,-,26.64,26.8,-,26.86,27.38,-,26.56,26.8,-,26.03,-,-,17.26,18.09,-,19.16,17.82,-,18.39,-,-
PAPUA SELATAN,-,-,-,-,-,-,-,-,-,-,-,-,-,-,-,-,-,-,-,-,-,-,-,-,-,-,-,-,-,-,-,-,-,-,-,-,-,-,-,-,-,-,-,-,-,-,-,-,-,-,-,3.1,3.65,-,4.12,4.93,-,4,-,-,-,-,-,-,-,-,-,-,-,-,-,-,-,-,-,-,-,-,-,-,-,-,-,-,-,-,-,-,-,-,-,-,-,-,-,-,-,-,-,-,-,-,-,-,-,-,-,-,-,-,-,25.64,28.47,-,28.86,27.79,-,25.77,-,-,-,-,-,-,-,-,-,-,-,-,-,-,-,-,-,-,-,-,-,-,-,-,-,-,-,-,-,-,-,-,-,-,-,-,-,-,-,-,-,-,-,-,-,-,-,-,-,-,-,-,-,17.44,19.35,-,19.71,19.26,-,18.54,-,-
PAPUA TENGAH,-,-,-,-,-,-,-,-,-,-,-,-,-,-,-,-,-,-,-,-,-,-,-,-,-,-,-,-,-,-,-,-,-,-,-,-,-,-,-,-,-,-,-,-,-,-,-,-,-,-,-,4.32,5.27,-,5.51,6.54,-,4.18,-,-,-,-,-,-,-,-,-,-,-,-,-,-,-,-,-,-,-,-,-,-,-,-,-,-,-,-,-,-,-,-,-,-,-,-,-,-,-,-,-,-,-,-,-,-,-,-,-,-,-,-,-,37.98,34.86,-,36.54,39.14,-,39.37,-,-,-,-,-,-,-,-,-,-,-,-,-,-,-,-,-,-,-,-,-,-,-,-,-,-,-,-,-,-,-,-,-,-,-,-,-,-,-,-,-,-,-,-,-,-,-,-,-,-,-,-,-,29.76,27.6,-,28.9,29.45,-,30.41,-,-
PAPUA PEGUNUNGAN,-,-,-,-,-,-,-,-,-,-,-,-,-,-,-,-,-,-,-,-,-,-,-,-,-,-,-,-,-,-,-,-,-,-,-,-,-,-,-,-,-,-,-,-,-,-,-,-,-,-,-,16.56,12.11,-,13,13.06,-,16.72,-,-,-,-,-,-,-,-,-,-,-,-,-,-,-,-,-,-,-,-,-,-,-,-,-,-,-,-,-,-,-,-,-,-,-,-,-,-,-,-,-,-,-,-,-,-,-,-,-,-,-,-,-,34.21,31,-,31.36,30.25,-,27.95,-,-,-,-,-,-,-,-,-,-,-,-,-,-,-,-,-,-,-,-,-,-,-,-,-,-,-,-,-,-,-,-,-,-,-,-,-,-,-,-,-,-,-,-,-,-,-,-,-,-,-,-,-,32.97,29.66,-,30.03,27.21,-,26.34,-,-
INDONESIA,-,-,12.52,-,-,11.65,-,-,10.72,-,-,9.87,-,-,9.23,8.78,8.6,-,8.39,8.52,-,8.34,8.16,-,8.29,8.22,-,7.79,7.73,-,7.72,7.26,-,7.02,6.89,-,6.69,6.56,-,7.38,7.88,-,7.89,7.6,-,7.5,7.53,-,7.29,-,-,7.09,6.66,-,6.73,6.6,-,6.34,-,-,-,-,20.37,-,-,18.93,-,-,17.35,-,-,16.56,-,-,15.72,15.12,14.7,-,14.32,14.42,-,14.17,13.76,-,14.21,14.09,-,14.11,13.96,-,13.93,13.47,-,13.2,13.1,-,12.85,12.6,-,12.82,13.2,-,13.1,12.53,-,12.29,12.36,-,12.22,-,-,11.79,11.34,-,11.03,10.72,-,10.67,-,-,-,-,16.58,-,-,15.42,-,-,14.15,-,-,13.33,-,-,12.49,11.96,11.66,-,11.37,11.47,-,11.25,10.96,-,11.22,11.13,-,10.86,10.7,-,10.64,10.12,-,9.82,9.66,-,9.41,9.22,-,9.78,10.19,-,10.14,9.71,-,9.54,9.57,-,9.36,-,-,9.03,8.57,-,8.47,8.25,-,8.07,-,-
,,,,,,,,,,,,,,,,,,,,,,,,,,,,,,,,,,,,,,,,,,,,,,,,,,,,,,,,,,,,,,,,,,,,,,,,,,,,,,,,,,,,,,,,,,,,,,,,,,,,,,,,,,,,,,,,,,,,,,,,,,,,,,,,,,,,,,,,,,,,,,,,,,,,,,,,,,,,,,,,,,,,,,,,,,,,,,,,,,,,
Catatan,<br /><ul><li>Data Provinsi Kalimantan Utara pada tahun 2013 dan 2014 masih bergabung dengan Provinsi Kalimantan Timur</li><li>Angka Provinsi Papua Barat dan Papua sebelum tahun 2024 merupakan angka provinsi sebelum mengalami pemekaran Daerah Otonom Baru (DOB)</li></ul><br />,,,,,,,,,,,,,,,,,,,,,,,,,,,,,,,,,,,,,,,,,,,,,,,,,,,,,,,,,,,,,,,,,,,,,,,,,,,,,,,,,,,,,,,,,,,,,,,,,,,,,,,,,,,,,,,,,,,,,,,,,,,,,,,,,,,,,,,,,,,,,,,,,,,,,,,,,,,,,,,,,,,,,,,,,,,,,,,,,,,