nama,p0,provinsi,jumlah_ribu
Simeulue,15.52,ACEH,15.58
Aceh Singkil,17.07,ACEH,22.51
Aceh Selatan,9.89,ACEH,25.39
Aceh Tenggara,9.78,ACEH,22.52
Aceh Timur,11.24,ACEH,52.23
Aceh Tengah,12.29,ACEH,27.76
Aceh Barat,15.5,ACEH,34.55
Aceh Besar,11.05,ACEH,49.9
Pidie,16.46,ACEH,77.7
Bireuen,10.3,ACEH,51.6
Aceh Utara,14.27,ACEH,93.43
Aceh Barat Daya,13.3,ACEH,21.47
Gayo Lues,16.77,ACEH,16.59
Aceh Tamiang,10.84,ACEH,33.96
Nagan Raya,15.42,ACEH,27.24
Aceh Jaya,10.37,ACEH,10.5
Bener Meriah,16.2,ACEH,25.59
Pidie Jaya,16.12,ACEH,27.62
Kota Banda Aceh,5.45,ACEH,15.87
Kota Sabang,12.75,ACEH,4.55
Kota Langsa,8.59,ACEH,16.28
Kota Lhokseumawe,9.01,ACEH,19.9
Kota Subulussalam,13.88,ACEH,11.95
Nias,14.51,SUMATERA UTARA,21.23
Mandailing Natal,7.91,SUMATERA UTARA,37.16
Tapanuli Selatan,6.16,SUMATERA UTARA,17.77
Tapanuli Tengah,11.03,SUMATERA UTARA,46.79
Tapanuli Utara,7.47,SUMATERA UTARA,23.29
Toba Samosir,7.21,SUMATERA UTARA,13.46
Labuhan Batu,7.37,SUMATERA UTARA,40.49
Asahan,7.18,SUMATERA UTARA,54.57
Simalungun,6.91,SUMATERA UTARA,61.12
Dairi,6.98,SUMATERA UTARA,20.05
Karo,6.66,SUMATERA UTARA,30.67
Deli Serdang,3.11,SUMATERA UTARA,77.7
Langkat,8.42,SUMATERA UTARA,90.28
Nias Selatan,16.16,SUMATERA UTARA,54.29
Humbang Hasundutan,7.8,SUMATERA UTARA,15.62
Pakpak Bharat,6.4,SUMATERA UTARA,3.53
Samosir,10.79,SUMATERA UTARA,13.8
Serdang Bedagai,6.18,SUMATERA UTARA,38.14
Batu Bara,10.1,SUMATERA UTARA,44.28
Padang Lawas Utara,8.04,SUMATERA UTARA,24.8
Padang Lawas,7.32,SUMATERA UTARA,23.69
Labuhan Batu Selatan,6.8,SUMATERA UTARA,26.12
Labuhan Batu Utara,8.42,SUMATERA UTARA,32.09
Nias Utara,20.79,SUMATERA UTARA,29.65
Nias Barat,22.47,SUMATERA UTARA,18.64
Kota Sibolga,10.28,SUMATERA UTARA,9.02
Kota Tanjung Balai,10.67,SUMATERA UTARA,20.02
Kota Pematang Siantar,6.24,SUMATERA UTARA,16.53
Kota Tebing Tinggi,8.74,SUMATERA UTARA,15.36
Kota Medan,7.25,SUMATERA UTARA,171.6
Kota Binjai,4.71,SUMATERA UTARA,13.87
Kota Padangsidimpuan,5.61,SUMATERA UTARA,13.57
Kota Gunungsitoli,13.85,SUMATERA UTARA,21.05
Kepulauan Mentawai,13.22,SUMATERA BARAT,13.74
Pesisir Selatan,6.52,SUMATERA BARAT,31.53
Solok,6.52,SUMATERA BARAT,25.23
Sijunjung,5.15,SUMATERA BARAT,13.55
Tanah Datar,3.59,SUMATERA BARAT,12.57
Padang Pariaman,5.86,SUMATERA BARAT,25.08
Agam,5.97,SUMATERA BARAT,30.57
Lima Puluh Kota,6.1,SUMATERA BARAT,24.61
Pasaman,6.02,SUMATERA BARAT,18.0
Solok Selatan,6.0,SUMATERA BARAT,11.44
Dharmasraya,4.61,SUMATERA BARAT,13.52
Pasaman Barat,6.3,SUMATERA BARAT,31.68
Kota Padang,3.63,SUMATERA BARAT,37.38
Kota Solok,2.91,SUMATERA BARAT,2.31
Kota Sawah Lunto,2.72,SUMATERA BARAT,1.79
Kota Padang Panjang,4.97,SUMATERA BARAT,2.9
Kota Bukittinggi,3.78,SUMATERA BARAT,5.46
Kota Payakumbuh,4.95,SUMATERA BARAT,7.37
Kota Pariaman,3.83,SUMATERA BARAT,3.63
Kuantan Singingi,6.99,RIAU,22.68
Indragiri Hulu,5.83,RIAU,26.88
Indragiri Hilir,4.95,RIAU,35.97
Pelalawan,7.24,RIAU,43.49
Siak,4.4,RIAU,23.5
Kampar,6.29,RIAU,58.71
Rokan Hulu,8.71,RIAU,70.65
Bengkalis,6.08,RIAU,35.11
Rokan Hilir,7.16,RIAU,55.49
Kepulauan Meranti,20.51,RIAU,39.41
Kota Pekanbaru,3.19,RIAU,39.16
Kota Dumai,3.08,RIAU,9.92
Kerinci,7.48,JAMBI,18.28
Merangin,8.07,JAMBI,32.38
Sarolangun,8.74,JAMBI,28.08
Batang Hari,8.27,JAMBI,22.83
Muaro Jambi,4.32,JAMBI,21.05
Tanjung Jabung Timur,9.96,JAMBI,21.54
Tanjung Jabung Barat,9.67,JAMBI,33.88
Tebo,5.97,JAMBI,22.1
Bungo,5.17,JAMBI,20.73
Kota Jambi,7.69,JAMBI,47.21
Kota Sungai Penuh,3.23,JAMBI,2.87
Ogan Komering Ulu,10.08,SUMATERA SELATAN,39.58
Ogan Komering Ilir,11.84,SUMATERA SELATAN,105.26
Muara Enim,9.45,SUMATERA SELATAN,64.82
Lahat,13.69,SUMATERA SELATAN,58.66
Musi Rawas,12.67,SUMATERA SELATAN,54.7
Musi Banyuasin,9.97,SUMATERA SELATAN,69.61
Banyu Asin,8.48,SUMATERA SELATAN,77.63
Ogan Komering Ulu Selatan,9.17,SUMATERA SELATAN,35.49
Ogan Komering Ulu Timur,8.86,SUMATERA SELATAN,62.89
Ogan Ilir,11.69,SUMATERA SELATAN,53.21
Empat Lawang,10.48,SUMATERA SELATAN,27.88
Penukal Abab Lematang Ilir,9.27,SUMATERA SELATAN,18.87
Musi Rawas Utara,15.25,SUMATERA SELATAN,31.25
Kota Palembang,9.04,SUMATERA SELATAN,162.31
Kota Prabumulih,9.75,SUMATERA SELATAN,19.89
Kota Pagar Alam,7.7,SUMATERA SELATAN,11.2
Kota Lubuklinggau,10.49,SUMATERA SELATAN,26.35
Bengkulu Selatan,15.72,BENGKULU,29.82
Rejang Lebong,11.71,BENGKULU,33.19
Bengkulu Utara,10.07,BENGKULU,31.99
Kaur,15.82,BENGKULU,20.26
Seluma,15.98,BENGKULU,32.81
Mukomuko,10.05,BENGKULU,19.67
Lebong,10.1,BENGKULU,12.2
Kepahiang,10.38,BENGKULU,15.2
Bengkulu Tengah,9.74,BENGKULU,11.61
Kota Bengkulu,11.91,BENGKULU,46.23
Lampung Barat,9.93,LAMPUNG,31.23
Tanggamus,10.1,LAMPUNG,63.56
Lampung Selatan,12.05,LAMPUNG,127.74
Lampung Timur,12.15,LAMPUNG,132.17
Lampung Tengah,9.59,LAMPUNG,127.83
Lampung Utara,15.78,LAMPUNG,98.99
Way Kanan,9.36,LAMPUNG,44.17
Tulangbawang,7.54,LAMPUNG,36.14
Pesawaran,10.93,LAMPUNG,51.09
Pringsewu,7.6,LAMPUNG,31.66
Mesuji,5.92,LAMPUNG,12.14
Tulang Bawang Barat,6.72,LAMPUNG,19.04
Pesisir Barat,12.13,LAMPUNG,19.51
Kota Bandar Lampung,6.95,LAMPUNG,80.19
Kota Metro,6.44,LAMPUNG,11.58
Bangka,4.71,KEPULAUAN BANGKA BELITUNG,16.58
Belitung,6.44,KEPULAUAN BANGKA BELITUNG,12.76
Bangka Barat,2.92,KEPULAUAN BANGKA BELITUNG,6.51
Bangka Tengah,6.7,KEPULAUAN BANGKA BELITUNG,13.71
Bangka Selatan,4.17,KEPULAUAN BANGKA BELITUNG,9.13
Belitung Timur,6.69,KEPULAUAN BANGKA BELITUNG,9.04
Kota Pangkal Pinang,4.5,KEPULAUAN BANGKA BELITUNG,9.99
Karimun,5.16,KEPULAUAN RIAU,12.56
Bintan,4.77,KEPULAUAN RIAU,8.11
Natuna,4.81,KEPULAUAN RIAU,4.01
Lingga,9.12,KEPULAUAN RIAU,8.24
Kepulauan Anambas,6.35,KEPULAUAN RIAU,2.86
Kota Batam,3.81,KEPULAUAN RIAU,68.04
Kota Tanjung Pinang,5.96,KEPULAUAN RIAU,13.47
Kepulauan Seribu,12.37,DKI JAKARTA,3.35
Kota Jakarta Selatan,3.23,DKI JAKARTA,75.66
Kota Jakarta Timur,3.94,DKI JAKARTA,117.4
Kota Jakarta Pusat,4.7,DKI JAKARTA,43.06
Kota Jakarta Barat,3.91,DKI JAKARTA,106.39
Kota Jakarta Utara,6.33,DKI JAKARTA,119.02
Bogor,6.26,JAWA BARAT,401.86
Sukabumi,6.41,JAWA BARAT,164.63
Cianjur,9.82,JAWA BARAT,232.61
Bandung,6.04,JAWA BARAT,236.06
Garut,9.39,JAWA BARAT,252.56
Tasikmalaya,10.15,JAWA BARAT,185.99
Ciamis,7.19,JAWA BARAT,88.72
Kuningan,10.74,JAWA BARAT,119.67
Cirebon,10.23,JAWA BARAT,229.64
Majalengka,10.31,JAWA BARAT,128.67
Sumedang,8.81,JAWA BARAT,105.82
Indramayu,11.02,JAWA BARAT,196.78
Subang,9.23,JAWA BARAT,148.99
Purwakarta,7.87,JAWA BARAT,76.51
Karawang,7.08,JAWA BARAT,169.8
Bekasi,4.36,JAWA BARAT,191.0
Bandung Barat,9.87,JAWA BARAT,169.66
Pangandaran,8.03,JAWA BARAT,33.09
Kota Bogor,5.89,JAWA BARAT,67.16
Kota Sukabumi,6.9,JAWA BARAT,23.17
Kota Bandung,3.78,JAWA BARAT,99.12
Kota Cirebon,8.66,JAWA BARAT,28.12
Kota Bekasi,3.96,JAWA BARAT,129.54
Kota Depok,2.31,JAWA BARAT,63.45
Kota Cimahi,4.2,JAWA BARAT,25.97
Kota Tasikmalaya,10.84,JAWA BARAT,75.22
Kota Banjar,5.73,JAWA BARAT,10.97
Cilacap,9.41,JAWA TENGAH,164.22
Banyumas,11.15,JAWA TENGAH,194.87
Purbalingga,12.55,JAWA TENGAH,121.8
Banjarnegara,13.28,JAWA TENGAH,124.66
Kebumen,13.58,JAWA TENGAH,162.54
Purworejo,10.06,JAWA TENGAH,72.18
Wonosobo,13.34,JAWA TENGAH,106.29
Magelang,9.9,JAWA TENGAH,132.21
Boyolali,8.71,JAWA TENGAH,86.97
Klaten,11.0,JAWA TENGAH,129.68
Sukoharjo,6.83,JAWA TENGAH,62.66
Wonogiri,9.59,JAWA TENGAH,91.9
Karanganyar,8.48,JAWA TENGAH,77.66
Sragen,11.22,JAWA TENGAH,100.08
Grobogan,10.63,JAWA TENGAH,148.1
Blora,10.58,JAWA TENGAH,92.01
Rembang,13.01,JAWA TENGAH,85.32
Pati,8.24,JAWA TENGAH,105.27
Kudus,6.59,JAWA TENGAH,60.37
Jepara,5.79,JAWA TENGAH,77.67
Demak,10.87,JAWA TENGAH,131.47
Semarang,6.3,JAWA TENGAH,70.29
Temanggung,7.78,JAWA TENGAH,62.05
Kendal,8.4,JAWA TENGAH,83.73
Batang,7.79,JAWA TENGAH,61.75
Pekalongan,8.05,JAWA TENGAH,73.8
Pemalang,13.32,JAWA TENGAH,173.38
Tegal,6.16,JAWA TENGAH,88.7
Brebes,14.15,JAWA TENGAH,257.29
Kota Magelang,5.68,JAWA TENGAH,6.93
Kota Surakarta,7.69,JAWA TENGAH,40.08
Kota Salatiga,4.2,JAWA TENGAH,8.66
Kota Semarang,3.8,JAWA TENGAH,74.36
Kota Pekalongan,6.14,JAWA TENGAH,19.49
Kota Tegal,7.28,JAWA TENGAH,18.27
Kulon Progo,14.53,DI YOGYAKARTA,67.25
Bantul,11.54,DI YOGYAKARTA,127.25
Gunung Kidul,14.15,DI YOGYAKARTA,113.48
Sleman,6.71,DI YOGYAKARTA,89.28
Kota Yogyakarta,6.14,DI YOGYAKARTA,28.58
Pacitan,12.97,JAWA TIMUR,72.47
Ponorogo,8.86,JAWA TIMUR,77.93
Trenggalek,10.29,JAWA TIMUR,72.35
Tulungagung,5.96,JAWA TIMUR,63.17
Blitar,7.57,JAWA TIMUR,89.04
Kediri,9.81,JAWA TIMUR,157.47
Malang,8.78,JAWA TIMUR,235.63
Lumajang,8.6,JAWA TIMUR,90.64
Jember,8.67,JAWA TIMUR,216.76
Banyuwangi,6.13,JAWA TIMUR,100.13
Bondowoso,12.2,JAWA TIMUR,96.71
Situbondo,11.17,JAWA TIMUR,78.02
Probolinggo,16.31,JAWA TIMUR,196.26
Pasuruan,8.21,JAWA TIMUR,138.43
Sidoarjo,4.4,JAWA TIMUR,107.57
Mojokerto,8.79,JAWA TIMUR,102.67
Jombang,8.36,JAWA TIMUR,107.82
Nganjuk,10.06,JAWA TIMUR,107.3
Madiun,10.4,JAWA TIMUR,71.59
Magetan,9.14,JAWA TIMUR,58.38
Ngawi,13.62,JAWA TIMUR,114.9
Bojonegoro,11.49,JAWA TIMUR,144.9
Tuban,14.13,JAWA TIMUR,168.86
Lamongan,12.03,JAWA TIMUR,145.45
Gresik,9.95,JAWA TIMUR,138.55
Bangkalan,18.25,JAWA TIMUR,187.9
Sampang,20.61,JAWA TIMUR,213.98
Pamekasan,12.77,JAWA TIMUR,118.52
Sumenep,17.02,JAWA TIMUR,188.48
Kota Kediri,6.04,JAWA TIMUR,17.93
Kota Blitar,6.6,JAWA TIMUR,9.69
Kota Malang,3.85,JAWA TIMUR,34.41
Kota Probolinggo,5.69,JAWA TIMUR,14.11
Kota Pasuruan,6.18,JAWA TIMUR,12.83
Kota Mojokerto,5.05,JAWA TIMUR,6.77
Kota Madiun,3.89,JAWA TIMUR,6.96
Kota Surabaya,3.56,JAWA TIMUR,105.09
Kota Batu,2.86,JAWA TIMUR,6.22
Pandeglang,8.51,BANTEN,105.35
Lebak,8.03,BANTEN,106.52
Tangerang,6.42,BANTEN,265.9
Serang,4.48,BANTEN,68.51
Kota Tangerang,5.19,BANTEN,124.76
Kota Cilegon,3.44,BANTEN,16.05
Kota Serang,5.51,BANTEN,41.07
Kota Tangerang Selatan,2.39,BANTEN,44.61
Jembrana,4.33,BALI,12.45
Tabanan,4.23,BALI,19.45
Badung,1.9,BALI,14.66
Gianyar,3.71,BALI,20.0
Klungkung,5.18,BALI,9.48
Bangli,4.83,BALI,11.28
Karangasem,6.4,BALI,27.32
Buleleng,5.2,BALI,35.39
Kota Denpasar,2.16,BALI,23.2
Lombok Barat,11.9,NUSA TENGGARA BARAT,92.12
Lombok Tengah,10.68,NUSA TENGGARA BARAT,109.25
Lombok Timur,13.53,NUSA TENGGARA BARAT,173.79
Sumbawa,11.79,NUSA TENGGARA BARAT,58.23
Dompu,11.15,NUSA TENGGARA BARAT,31.27
Bima,12.59,NUSA TENGGARA BARAT,66.81
Sumbawa Barat,10.98,NUSA TENGGARA BARAT,19.46
Lombok Utara,20.74,NUSA TENGGARA BARAT,49.28
Kota Mataram,7.15,NUSA TENGGARA BARAT,39.82
Kota Bima,7.33,NUSA TENGGARA BARAT,14.54
Sumba Barat,26.47,NUSA TENGGARA TIMUR,37.08
Sumba Timur,25.64,NUSA TENGGARA TIMUR,70.35
Kupang,20.32,NUSA TENGGARA TIMUR,87.5
Timor Tengah Selatan,24.5,NUSA TENGGARA TIMUR,116.74
Timor Tengah Utara,20.17,NUSA TENGGARA TIMUR,53.44
Belu,12.79,NUSA TENGGARA TIMUR,30.4
Alor,18.29,NUSA TENGGARA TIMUR,38.68
Lembata,23.27,NUSA TENGGARA TIMUR,36.78
Flores Timur,10.88,NUSA TENGGARA TIMUR,28.92
Sikka,11.25,NUSA TENGGARA TIMUR,36.74
Ende,21.31,NUSA TENGGARA TIMUR,58.92
Ngada,11.22,NUSA TENGGARA TIMUR,19.53
Manggarai,18.1,NUSA TENGGARA TIMUR,65.81
Rote Ndao,24.37,NUSA TENGGARA TIMUR,51.64
Manggarai Barat,16.09,NUSA TENGGARA TIMUR,49.55
Sumba Tengah,29.23,NUSA TENGGARA TIMUR,22.81
Sumba Barat Daya,25.66,NUSA TENGGARA TIMUR,97.68
Nagekeo,12.18,NUSA TENGGARA TIMUR,18.63
Manggarai Timur,23.51,NUSA TENGGARA TIMUR,70.99
Sabu Raijua,27.18,NUSA TENGGARA TIMUR,30.65
Malaka,13.52,NUSA TENGGARA TIMUR,28.05
Kota Kupang,7.57,NUSA TENGGARA TIMUR,37.91
Sambas,6.37,KALIMANTAN BARAT,35.07
Bengkayang,5.83,KALIMANTAN BARAT,16.09
Landak,8.9,KALIMANTAN BARAT,35.34
Mempawah,4.49,KALIMANTAN BARAT,12.38
Sanggau,4.61,KALIMANTAN BARAT,22.93
Ketapang,8.44,KALIMANTAN BARAT,46.82
Sintang,7.93,KALIMANTAN BARAT,35.02
Kapuas Hulu,6.86,KALIMANTAN BARAT,19.47
Sekadau,5.61,KALIMANTAN BARAT,11.64
Melawi,10.51,KALIMANTAN BARAT,23.36
Kayong Utara,8.75,KALIMANTAN BARAT,10.58
Kubu Raya,3.99,KALIMANTAN BARAT,24.4
Kota Pontianak,4.0,KALIMANTAN BARAT,27.5
Kota Singkawang,4.28,KALIMANTAN BARAT,10.36
Kotawaringin Barat,4.27,KALIMANTAN TENGAH,14.18
Kotawaringin Timur,5.83,KALIMANTAN TENGAH,27.7
Kapuas,5.48,KALIMANTAN TENGAH,20.43
Barito Selatan,4.94,KALIMANTAN TENGAH,7.09
Barito Utara,5.52,KALIMANTAN TENGAH,7.44
Sukamara,4.02,KALIMANTAN TENGAH,2.87
Lamandau,3.33,KALIMANTAN TENGAH,2.89
Seruyan,6.72,KALIMANTAN TENGAH,15.64
Katingan,5.3,KALIMANTAN TENGAH,9.75
Pulang Pisau,4.79,KALIMANTAN TENGAH,6.23
Gunung Mas,5.48,KALIMANTAN TENGAH,6.67
Barito Timur,6.1,KALIMANTAN TENGAH,8.12
Murung Raya,6.19,KALIMANTAN TENGAH,7.64
Kota Palangka Raya,3.62,KALIMANTAN TENGAH,11.16
Tanah Laut,3.0,KALIMANTAN SELATAN,10.83
Kota Baru,4.39,KALIMANTAN SELATAN,15.89
Banjar,2.74,KALIMANTAN SELATAN,16.92
Barito Kuala,4.31,KALIMANTAN SELATAN,13.97
Tapin,2.91,KALIMANTAN SELATAN,5.77
Hulu Sungai Selatan,3.12,KALIMANTAN SELATAN,7.55
Hulu Sungai Tengah,5.03,KALIMANTAN SELATAN,13.94
Hulu Sungai Utara,4.81,KALIMANTAN SELATAN,11.71
Tabalong,4.67,KALIMANTAN SELATAN,12.5
Tanah Bumbu,3.13,KALIMANTAN SELATAN,13.81
Balangan,4.64,KALIMANTAN SELATAN,6.42
Kota Banjarmasin,4.52,KALIMANTAN SELATAN,33.16
Kota Banjar Baru,3.44,KALIMANTAN SELATAN,10.27
Paser,8.13,KALIMANTAN TIMUR,24.05
Kutai Barat,8.72,KALIMANTAN TIMUR,13.24
Kutai Kartanegara,6.72,KALIMANTAN TIMUR,54.99
Kutai Timur,8.07,KALIMANTAN TIMUR,34.91
Berau,4.44,KALIMANTAN TIMUR,10.96
Penajam Paser Utara,5.78,KALIMANTAN TIMUR,9.34
Mahakam Ulu,10.09,KALIMANTAN TIMUR,2.73
Kota Balikpapan,1.97,KALIMANTAN TIMUR,12.88
Kota Samarinda,3.45,KALIMANTAN TIMUR,30.45
Kota Bontang,3.21,KALIMANTAN TIMUR,6.18
Malinau,5.56,KALIMANTAN UTARA,5.24
Bulungan,7.26,KALIMANTAN UTARA,9.92
Tana Tidung,4.56,KALIMANTAN UTARA,1.59
Nunukan,5.27,KALIMANTAN UTARA,11.81
Kota Tarakan,5.03,KALIMANTAN UTARA,14.01
Bolaang Mongondow,6.98,SULAWESI UTARA,18.4
Minahasa,5.88,SULAWESI UTARA,20.63
Kepulauan Sangihe,10.91,SULAWESI UTARA,14.49
Kepulauan Talaud,8.34,SULAWESI UTARA,7.95
Minahasa Selatan,8.26,SULAWESI UTARA,17.67
Minahasa Utara,6.05,SULAWESI UTARA,12.5
Bolaang Mongondow Utara,7.15,SULAWESI UTARA,6.03
Siau Tagulandang Biaro,8.32,SULAWESI UTARA,5.64
Minahasa Tenggara,10.31,SULAWESI UTARA,11.09
Bolaang Mongondow Selatan,10.52,SULAWESI UTARA,7.39
Bolaang Mongondow Timur,5.32,SULAWESI UTARA,4.04
Kota Manado,4.99,SULAWESI UTARA,21.73
Kota Bitung,5.81,SULAWESI UTARA,13.57
Kota Tomohon,4.86,SULAWESI UTARA,5.55
Kota Kotamobagu,5.14,SULAWESI UTARA,7.18
Banggai Kepulauan,11.49,SULAWESI TENGAH,13.92
Banggai,6.23,SULAWESI TENGAH,25.17
Morowali,10.38,SULAWESI TENGAH,13.65
Poso,12.9,SULAWESI TENGAH,36.49
Donggala,14.66,SULAWESI TENGAH,45.92
Toli-Toli,12.2,SULAWESI TENGAH,29.98
Buol,12.48,SULAWESI TENGAH,22.35
Parigi Moutong,13.51,SULAWESI TENGAH,71.88
Tojo Una-Una,14.67,SULAWESI TENGAH,23.59
Sigi,10.47,SULAWESI TENGAH,26.03
Banggai Laut,12.71,SULAWESI TENGAH,10.44
Morowali Utara,10.38,SULAWESI TENGAH,14.78
Kota Palu,5.26,SULAWESI TENGAH,21.99
Kepulauan Selayar,10.61,SULAWESI SELATAN,14.77
Bulukumba,6.06,SULAWESI SELATAN,25.88
Bantaeng,7.68,SULAWESI SELATAN,14.74
Jeneponto,11.42,SULAWESI SELATAN,42.56
Takalar,7.27,SULAWESI SELATAN,22.17
Gowa,6.64,SULAWESI SELATAN,54.04
Sinjai,7.41,SULAWESI SELATAN,18.44
Maros,8.9,SULAWESI SELATAN,32.67
Pangkajene Dan Kepulauan,11.6,SULAWESI SELATAN,40.37
Barru,8.0,SULAWESI SELATAN,14.13
Bone,9.13,SULAWESI SELATAN,69.73
Soppeng,6.65,SULAWESI SELATAN,15.34
Wajo,5.86,SULAWESI SELATAN,24.15
Sidenreng Rappang,4.91,SULAWESI SELATAN,15.2
Pinrang,8.38,SULAWESI SELATAN,32.52
Enrekang,10.73,SULAWESI SELATAN,23.09
Luwu,10.97,SULAWESI SELATAN,41.76
Tana Toraja,10.54,SULAWESI SELATAN,25.82
Luwu Utara,10.74,SULAWESI SELATAN,35.03
Luwu Timur,5.79,SULAWESI SELATAN,18.55
Toraja Utara,10.05,SULAWESI SELATAN,24.48
Kota Makassar,4.43,SULAWESI SELATAN,71.63
Kota Parepare,4.44,SULAWESI SELATAN,6.73
Kota Palopo,7.18,SULAWESI SELATAN,14.31
Buton,13.46,SULAWESI TENGGARA,13.89
Muna,12.4,SULAWESI TENGGARA,28.81
Konawe,12.78,SULAWESI TENGGARA,33.04
Kolaka,10.19,SULAWESI TENGGARA,29.45
Konawe Selatan,11.18,SULAWESI TENGGARA,37.4
Bombana,10.14,SULAWESI TENGGARA,20.15
Wakatobi,13.4,SULAWESI TENGGARA,13.98
Kolaka Utara,12.94,SULAWESI TENGGARA,21.47
Buton Utara,13.22,SULAWESI TENGGARA,8.69
Konawe Utara,11.89,SULAWESI TENGGARA,8.19
Kolaka Timur,12.57,SULAWESI TENGGARA,18.99
Konawe Kepulauan,14.42,SULAWESI TENGGARA,5.01
Muna Barat,12.83,SULAWESI TENGGARA,10.97
Buton Tengah,13.4,SULAWESI TENGGARA,12.61
Buton Selatan,13.64,SULAWESI TENGGARA,11.0
Kota Kendari,4.18,SULAWESI TENGGARA,18.38
Kota Baubau,6.83,SULAWESI TENGGARA,12.41
Boalemo,16.37,GORONTALO,29.4
Gorontalo,14.89,GORONTALO,56.13
Pohuwato,15.24,GORONTALO,26.1
Bone Bolango,13.16,GORONTALO,21.11
Gorontalo Utara,15.89,GORONTALO,17.9
Kota Gorontalo,5.31,GORONTALO,12.12
Majene,12.98,SULAWESI BARAT,23.4
Polewali Mandar,14.02,SULAWESI BARAT,63.29
Mamasa,13.66,SULAWESI BARAT,22.87
Mamuju,6.99,SULAWESI BARAT,22.48
Mamuju Utara,4.96,SULAWESI BARAT,9.65
Mamuju Tengah,7.22,SULAWESI BARAT,10.62
Maluku Tenggara Barat,23.38,MALUKU,26.46
Maluku Tenggara,21.16,MALUKU,21.42
Maluku Tengah,16.71,MALUKU,63.05
Buru,15.11,MALUKU,23.95
Kepulauan Aru,23.1,MALUKU,22.25
Seram Bagian Barat,21.85,MALUKU,38.01
Seram Bagian Timur,20.9,MALUKU,24.33
Maluku Barat Daya,27.65,MALUKU,20.43
Buru Selatan,14.84,MALUKU,9.63
Kota Ambon,4.34,MALUKU,22.3
Kota Tual,19.39,MALUKU,15.94
Halmahera Barat,7.9,MALUKU UTARA,9.69
Halmahera Tengah,9.16,MALUKU UTARA,5.61
Kepulauan Sula,7.65,MALUKU UTARA,8.05
Halmahera Selatan,4.81,MALUKU UTARA,11.78
Halmahera Utara,4.35,MALUKU UTARA,8.84
Halmahera Timur,10.54,MALUKU UTARA,11.05
Pulau Morotai,4.49,MALUKU UTARA,3.29
Pulau Taliabu,6.63,MALUKU UTARA,3.72
Kota Ternate,3.34,MALUKU UTARA,8.51
Kota Tidore Kepulauan,6.54,MALUKU UTARA,6.73
Fakfak,19.86,PAPUA BARAT,17.04
Kaimana,13.83,PAPUA BARAT,9.9
Teluk Wondama,27.57,PAPUA BARAT,10.16
Teluk Bintuni,25.34,PAPUA BARAT,18.48
Manokwari,17.38,PAPUA BARAT,31.72
Manokwari Selatan,26.52,PAPUA BARAT,7.75
Pegunungan Arfak,30.88,PAPUA BARAT,11.86
Raja Ampat,16.57,PAPUA BARAT DAYA,8.6
Sorong,25.1,PAPUA BARAT DAYA,25.61
Sorong Selatan,17.66,PAPUA BARAT DAYA,9.49
Maybrat,29.0,PAPUA BARAT DAYA,13.53
Tambrauw,28.94,PAPUA BARAT DAYA,4.96
Kota Sorong,13.55,PAPUA BARAT DAYA,41.39
Jayapura,13.03,PAPUA,17.18
Kepulauan Yapen,28.0,PAPUA,28.7
Biak Numfor,25.73,PAPUA,39.74
Sarmi,15.17,PAPUA,6.41
Keerom,17.76,PAPUA,10.79
Waropen,32.6,PAPUA,11.45
Supiori,42.56,PAPUA,9.47
Mamberamo Raya,35.09,PAPUA,9.32
Kota Jayapura,12.03,PAPUA,38.33
Merauke,11.31,PAPUA SELATAN,27.72
Boven Digoel,21.96,PAPUA SELATAN,16.26
Mappi,28.46,PAPUA SELATAN,30.5
Asmat,28.47,PAPUA SELATAN,31.06
Mimika,13.7,PAPUA TENGAH,31.31
Dogiyai,29.34,PAPUA TENGAH,29.96
Deiyai,37.29,PAPUA TENGAH,29.84
Nabire,22.65,PAPUA TENGAH,34.18
Paniai,36.31,PAPUA TENGAH,63.26
Intan Jaya,39.21,PAPUA TENGAH,21.37
Puncak,36.94,PAPUA TENGAH,43.55
Puncak Jaya,35.46,PAPUA TENGAH,48.85
Nduga,32.89,PAPUA PEGUNUNGAN,40.29
Jayawijaya,29.08,PAPUA PEGUNUNGAN,61.64
Lanny Jaya,31.59,PAPUA PEGUNUNGAN,68.04
Tolikara,28.75,PAPUA PEGUNUNGAN,45.62
Mamberamo Tengah,32.2,PAPUA PEGUNUNGAN,18.81
Yalimo,27.35,PAPUA PEGUNUNGAN,19.9
Yahukimo,30.61,PAPUA PEGUNUNGAN,62.42
Pegunungan Bintang,25.87,PAPUA PEGUNUNGAN,20.61
