,pc1,pc2
p0,-0.34536265698911583,-0.030564422085568962
gk_kota,-0.3071350738097006,0.4415011406687835
gk_desa,-0.20373804988938876,0.5119499093478668
lama_sekolah,0.38820571367062906,0.1858973169707096
sanitasi_layak,0.40880345552673825,-0.06330155355901283
air_layak,0.3779704098583249,-0.09974245109934185
pengeluaran_total,0.062125675089875085,0.5730048712609077
tpt,0.21219701177081324,0.3056735604305384
tpak,-0.34869175213648573,-0.1078265398061368
porsi_makanan,-0.3372310887168543,-0.24523238529336955
