kunci,2007,2008,2009,2010,2011,2012,2013,2014,2015,2016,2017,2018,2019,2020,2021,2022,2023,2024,2025,2026
ACEH,,,,,,19.46,17.6,18.05,17.08,16.73,16.89,15.97,15.32,14.99,15.33,14.64,14.45,14.23,12.33,12.34
SUMATERA UTARA,,,,,,10.67,10.06,9.38,10.53,10.35,10.22,9.22,8.83,8.75,9.01,8.42,8.15,7.99,7.36,7.1
SUMATERA BARAT,,,,,,8.19,8.14,7.41,7.31,7.09,6.87,6.65,6.42,6.28,6.63,5.92,5.95,5.97,5.35,5.27
RIAU,,,,,,8.22,7.72,8.12,8.42,7.98,7.78,7.39,7.08,6.82,7.12,6.78,6.68,6.67,6.16,6.19
JAMBI,,,,,,8.42,8.07,7.92,8.86,8.41,8.19,7.92,7.6,7.58,8.09,7.62,7.58,7.1,7.19,6.67
SUMATERA SELATAN,,,,,,13.78,14.24,13.91,14.25,13.54,13.19,12.8,12.71,12.66,12.84,11.9,11.78,10.97,10.15,9.5
BENGKULU,,,,,,17.7,18.34,17.48,17.88,17.32,16.45,15.43,15.23,15.03,15.22,14.62,14.04,13.56,12.08,11.83
LAMPUNG,,,,,,16.18,14.86,14.28,14.35,14.29,13.69,13.14,12.62,12.34,12.62,11.57,11.11,10.69,10.0,9.31
KEPULAUAN BANGKA BELITUNG,,,,,,5.53,5.21,5.36,5.4,5.22,5.2,5.25,4.62,4.53,4.9,4.45,4.52,4.55,5.0,4.75
KEPULAUAN RIAU,,,,,,7.11,6.46,6.7,6.24,5.98,6.06,6.2,5.9,5.92,6.12,6.24,5.69,5.37,4.44,4.09
DKI JAKARTA,,,,,,3.69,3.55,3.92,3.93,3.75,3.77,3.57,3.47,4.53,4.72,4.69,4.44,4.3,4.28,3.96
JAWA BARAT,,,,,,10.09,9.52,9.44,9.53,8.95,8.71,7.45,6.91,7.88,8.4,8.06,7.62,7.46,7.02,6.54
JAWA TENGAH,,,,,,15.34,14.56,14.46,13.58,13.27,13.01,11.32,10.8,11.41,11.79,10.93,10.77,10.47,9.48,9.21
DI YOGYAKARTA,,,,,,16.05,15.43,15.0,14.91,13.34,13.02,12.13,11.7,12.28,12.8,11.34,11.04,10.83,10.23,9.7
JAWA TIMUR,,,,,,13.4,12.55,12.42,12.34,12.05,11.77,10.98,10.37,11.09,11.4,10.38,10.35,9.79,9.5,9.06
BANTEN,,,,,,5.85,5.74,5.35,5.9,5.42,5.45,5.24,5.09,5.92,6.66,6.16,6.17,5.84,5.63,5.38
BALI,,,,,,4.18,3.95,4.53,4.74,4.25,4.25,4.01,3.79,3.78,4.53,4.57,4.25,4.0,3.72,3.44
NUSA TENGGARA BARAT,,,,,,18.63,17.97,17.25,17.1,16.48,16.07,14.75,14.56,13.97,14.14,13.68,13.85,12.91,11.78,11.17
NUSA TENGGARA TIMUR,,,,,,20.88,20.03,19.82,22.61,22.19,21.85,21.35,21.09,20.9,20.99,20.05,19.96,19.48,18.6,17.52
KALIMANTAN BARAT,,,,,,8.17,8.24,8.54,8.03,7.87,7.88,7.77,7.49,7.17,7.15,6.73,6.71,6.32,6.16,5.78
KALIMANTAN TENGAH,,,,,,6.51,5.93,6.03,5.94,5.66,5.37,5.17,4.98,4.82,5.16,5.28,5.11,5.17,5.19,5.09
KALIMANTAN SELATAN,,,,,,5.06,4.77,4.68,4.99,4.85,4.73,4.54,4.55,4.38,4.83,4.49,4.29,4.11,3.84,3.63
KALIMANTAN TIMUR,,,,,,6.68,6.06,6.42,6.23,6.11,6.19,6.03,5.94,6.1,6.54,6.31,6.11,5.78,5.17,5.14
KALIMANTAN UTARA,,,,,,,,,6.24,6.23,7.22,7.09,6.63,6.8,7.36,6.77,6.45,6.32,5.54,5.18
SULAWESI UTARA,,,,,,8.18,7.88,8.75,8.65,8.34,8.1,7.8,7.66,7.62,7.77,7.28,7.38,7.25,6.71,6.32
SULAWESI TENGAH,,,,,,15.4,14.67,13.93,14.66,14.45,14.14,14.01,13.48,12.92,13.0,12.33,12.41,11.77,10.92,10.46
SULAWESI SELATAN,,,,,,10.11,9.54,10.28,9.39,9.4,9.38,9.06,8.69,8.72,8.78,8.63,8.7,8.06,7.6,7.24
SULAWESI TENGGARA,,,,,,13.71,12.83,14.05,12.9,12.88,12.81,11.63,11.24,11.0,11.66,11.17,11.43,11.21,10.54,10.02
GORONTALO,,,,,,17.33,17.51,17.44,18.32,17.72,17.65,16.81,15.52,15.22,15.61,15.42,15.15,14.57,13.24,12.16
SULAWESI BARAT,,,,,,13.24,12.3,12.27,12.4,11.74,11.3,11.25,11.02,10.87,11.29,11.75,11.49,11.21,10.41,10.0
MALUKU,,,,,,21.78,19.49,19.13,19.51,19.18,18.45,18.12,17.69,17.44,17.87,15.97,16.42,16.05,15.38,14.91
MALUKU UTARA,,,,,,8.47,7.5,7.3,6.84,6.33,6.35,6.64,6.77,6.78,6.89,6.23,6.46,6.32,5.81,5.79
PAPUA BARAT,,,,,,28.2,26.67,27.13,25.82,25.43,25.1,23.01,22.17,21.37,21.84,21.33,20.49,21.66,20.66,18.68
PAPUA BARAT DAYA,,,,,,,,,,,,,,,,,,18.13,17.95,16.49
PAPUA,,,,,,31.11,31.13,30.05,28.17,28.54,27.62,27.74,27.53,26.64,26.86,26.56,26.03,17.26,19.16,18.39
PAPUA SELATAN,,,,,,,,,,,,,,,,,,17.44,19.71,18.54
PAPUA TENGAH,,,,,,,,,,,,,,,,,,29.76,28.9,30.41
PAPUA PEGUNUNGAN,,,,,,,,,,,,,,,,,,32.97,30.03,26.34
