kunci,p0,gk_kota,gk_desa,p1,p2,lama_sekolah,air_layak,sanitasi_layak,pengeluaran_total,tpt,tpak,pengeluaran_makanan,porsi_makanan,gk_desa_diisi,provinsi
ACEH,12.33,716522,655435.0,1.84,0.42,10.42,92.06,82.21,1299756,5.5,65.63,741980,57.08609923708757,False,Aceh
SUMATERA UTARA,7.36,694542,630844.0,1.13,0.26,10.29,93.24,87.47,1397887,5.05,70.13,765842,54.78568725512149,False,Sumatera Utara
SUMATERA BARAT,5.35,753614,704232.0,0.74,0.16,10.03,87.26,74.59,1542109,5.69,70.95,821552,53.27457397628832,False,Sumatera Barat
RIAU,6.16,758174,683064.0,0.87,0.2,9.8,92.17,91.21,1610427,4.12,64.68,844678,52.450561248662616,False,Riau
JAMBI,7.19,759799,618121.0,0.98,0.2,9.32,82.46,85.88,1477104,4.48,67.11,775092,52.47375946446561,False,Jambi
SUMATERA SELATAN,10.15,624550,557253.0,1.64,0.37,9.28,86.82,85.5,1283538,3.89,70.56,691256,53.85551499059631,False,Sumatera Selatan
BENGKULU,12.08,754967,650887.0,1.83,0.38,9.71,70.47,85.75,1498744,3.24,71.5,740786,49.427120308738516,False,Bengkulu
LAMPUNG,10.0,659660,588958.0,1.54,0.34,9.0,85.13,87.29,1239613,4.07,71.16,663740,53.544130305183955,False,Lampung
KEPULAUAN BANGKA BELITUNG,5.0,926156,995150.0,0.65,0.14,9.09,83.54,96.45,1765551,4.17,67.67,915697,51.86465868162403,False,Kepulauan Bangka Belitung
KEPULAUAN RIAU,4.44,835161,797450.0,0.69,0.18,10.78,94.6,90.96,2468319,6.89,66.84,1063897,43.10208688585227,False,Kepulauan Riau
DKI JAKARTA,4.28,852768,852768.0,0.57,0.11,11.58,99.98,93.98,2962412,6.18,65.4,1153404,38.93462489349895,True,DKI Jakarta
JAWA BARAT,7.02,550729,535726.0,1.17,0.29,9.46,95.84,76.2,1724367,6.74,68.91,832486,48.27777381497094,False,Jawa Barat
JAWA TENGAH,9.48,546576,527934.0,1.56,0.35,8.62,95.73,87.51,1337028,4.33,73.17,667536,49.9268526911927,False,Jawa Tengah
DI YOGYAKARTA,10.23,653421,545206.0,1.59,0.34,10.58,97.33,96.94,1843212,3.18,73.73,766284,41.573297048847344,False,DI Yogyakarta
JAWA TIMUR,9.5,576188,534771.0,1.41,0.29,8.81,97.3,88.26,1419140,3.61,74.25,715989,50.45231619149626,False,Jawa Timur
BANTEN,5.63,700646,611976.0,0.85,0.21,9.82,96.03,90.71,1750546,6.64,65.82,870648,49.735796717138534,False,Banten
BALI,3.72,631180,542858.0,0.56,0.12,10.07,98.75,98.2,1964618,1.58,77.4,827210,42.10538639063676,False,Bali
NUSA TENGGARA BARAT,11.78,574051,537105.0,1.76,0.36,8.87,96.29,88.29,1402118,3.22,76.5,762911,54.411326293507386,False,Nusa Tenggara Barat
NUSA TENGGARA TIMUR,18.6,666633,508645.0,3.35,0.84,8.88,89.86,80.8,1028875,3.23,75.81,559895,54.418175191349775,False,Nusa Tenggara Timur
KALIMANTAN BARAT,6.16,669721,595174.0,0.86,0.18,8.54,84.32,88.37,1469934,4.23,67.64,779641,53.03918407221004,False,Kalimantan Barat
KALIMANTAN TENGAH,5.19,634029,667001.0,0.83,0.19,9.36,80.58,83.14,1596165,3.47,69.9,849309,53.209348657563595,False,Kalimantan Tengah
KALIMANTAN SELATAN,3.84,662876,637314.0,0.47,0.1,9.17,78.27,86.8,1603501,3.94,70.41,827593,51.61162980253832,False,Kalimantan Selatan
KALIMANTAN TIMUR,5.17,876210,843168.0,0.88,0.22,10.3,88.45,92.57,2117354,5.33,66.4,956141,45.15735205355364,False,Kalimantan Timur
KALIMANTAN UTARA,5.54,921520,829827.0,0.75,0.29,9.69,91.59,86.0,1726451,3.9,69.19,838916,48.59193802778069,False,Kalimantan Utara
SULAWESI UTARA,6.71,546021,510678.0,1.11,0.26,10.1,94.86,87.72,1410504,6.03,65.3,718423,50.933779698604184,False,Sulawesi Utara
SULAWESI TENGAH,10.92,638441,617865.0,2.21,0.61,9.38,87.55,79.62,1256394,3.02,70.51,648896,51.64749274511021,False,Sulawesi Tengah
SULAWESI SELATAN,7.6,502530,456048.0,1.4,0.35,9.38,93.25,94.19,1358821,4.96,65.99,664456,48.89945033231014,False,Sulawesi Selatan
SULAWESI TENGGARA,10.54,520957,467814.0,1.89,0.45,9.9,94.91,91.96,1325085,3.27,69.77,650919,49.122810989483696,False,Sulawesi Tenggara
GORONTALO,13.24,503854,487598.0,1.96,0.44,8.78,95.95,84.7,1315738,3.12,67.52,650308,49.42534151936024,False,Gorontalo
SULAWESI BARAT,10.41,473493,476004.0,1.71,0.41,8.91,83.0,85.98,1069314,3.17,71.81,575436,53.813566454755104,False,Sulawesi Barat
MALUKU,15.38,781403,738005.0,2.95,0.8,10.63,92.83,83.09,1398498,5.95,67.56,679006,48.55251848769179,False,Maluku
MALUKU UTARA,5.81,711096,642614.0,0.95,0.22,9.78,90.01,84.12,1492532,4.26,68.99,749636,50.225790803815265,False,Maluku Utara
PAPUA BARAT,20.66,959457,769107.0,4.17,1.18,9.9,82.95,78.55,1705338,4.21,71.45,878045,51.488033457297036,False,Papua Barat
PAPUA BARAT DAYA,17.95,835719,782579.0,4.53,1.72,10.6,80.64,79.56,1816875,6.61,68.14,857182,47.17891984864121,False,Papua Barat Daya
PAPUA,19.16,797056,599432.0,4.58,1.49,10.65,87.7,76.71,1810767,6.92,70.38,830864,45.884644462816034,False,Papua
PAPUA SELATAN,19.71,703304,472503.0,4.23,1.14,8.87,71.28,65.06,1517419,4.9,68.15,805371,53.075057054116236,False,Papua Selatan
PAPUA TENGAH,28.9,1011257,757877.0,5.58,1.52,6.27,83.21,39.73,1459088,3.55,78.97,874847,59.95848091410525,False,Papua Tengah
PAPUA PEGUNUNGAN,30.03,1454372,1115070.0,5.62,1.44,4.76,32.89,16.34,1941997,1.68,88.27,1256747,64.71415764287998,False,Papua Pegunungan
