provinsi,pc1,pc2
Aceh,0.38217871492079347,-0.3042502172857766
Sumatera Utara,0.6239590665303913,-0.4082359922919973
Sumatera Barat,0.05557828946118329,0.4976021086078904
Riau,0.8887586783336556,0.23014103237663971
Jambi,0.13886761889501278,-0.15568407404478207
Sumatera Selatan,-0.0702435952826787,-1.348349439736017
Bengkulu,-0.741254179450468,-0.10068429511974236
Lampung,-0.2689883027424615,-1.2157996157579734
Kepulauan Bangka Belitung,-0.2984108773242778,1.8930403740627397
Kepulauan Riau,2.1547420731696323,3.365209644885736
DKI Jakarta,2.9606492575133996,4.540872315144216
Jawa Barat,1.3886538247416427,0.05804346558114747
Jawa Tengah,0.42386585820145245,-1.5082727855500404
DI Yogyakarta,1.5919922768523715,0.02665925867900255
Jawa Timur,0.2806234426458144,-1.4814582419913438
Banten,1.7516619004924687,0.710637961986831
Bali,1.34778883814003,-0.38290770529576074
Nusa Tenggara Barat,-0.36807664892001707,-1.8410641148327536
Nusa Tenggara Timur,-1.2776364613460482,-2.2280912904186283
Kalimantan Barat,0.1319412459914066,-0.7114885948752714
Kalimantan Tengah,-0.13356397868393916,-0.39148177432735526
Kalimantan Selatan,0.03985173658201798,-0.25726148477087063
Kalimantan Timur,1.2526419494100594,2.5941961651538947
Kalimantan Utara,0.14919228220572195,1.3815221537191325
Sulawesi Utara,1.8733356381620834,-0.6845362978182072
Sulawesi Tengah,-0.3052099943672026,-1.1947540218063581
Sulawesi Selatan,1.7795310910338304,-1.3468489748596804
Sulawesi Tenggara,1.1657001266516667,-1.7285740260731488
Gorontalo,0.613171814823699,-1.8799273500470364
Sulawesi Barat,-0.18921991983174916,-2.559566589247444
Maluku,0.6509905716883834,0.7988524146746931
Maluku Utara,0.5964170646306645,-0.12336489597278288
Papua Barat,-1.3941829521398053,1.1659856491022091
Papua Barat Daya,0.07518693528855307,2.058767073662363
Papua,0.46695536752713074,1.3504906546819362
Papua Selatan,-1.375614879298524,-0.6441582080194238
Papua Tengah,-5.492372037043739,-0.34436265650217657
Papua Pegunungan,-10.86946183746215,2.169102374326137
